student_id,study_hours,attendance,previous_marks,assignment_score,internal_marks,sleep_hours,internet_usage,extracurricular,final_marks,performance
ST0001,4.4,59.3,54.4,80.4,71.5,6.0,5.5,0,67.6,Average
ST0002,9.6,77.1,53.6,87.8,84.3,6.4,2.2,0,90.1,Excellent
ST0003,7.6,93.6,89.8,55.0,81.8,8.3,7.1,1,83.5,Good
ST0004,6.4,86.6,53.7,77.5,48.5,5.7,5.3,1,74.4,Good
ST0005,2.4,90.3,55.0,74.3,48.2,8.3,2.1,0,61.8,Average
ST0006,2.4,82.9,81.8,90.0,54.7,4.4,7.7,0,69.7,Average
ST0007,1.5,84.6,64.7,94.4,59.9,7.9,4.6,0,66.8,Average
ST0008,8.8,92.5,82.7,40.7,62.5,8.2,1.5,0,85.7,Excellent
ST0009,6.4,62.5,43.6,80.4,77.4,4.9,5.4,0,67.6,Average
ST0010,7.4,74.5,66.8,43.1,43.1,6.2,2.8,0,72.3,Good
ST0011,1.2,61.1,41.8,72.9,41.9,4.8,6.6,0,41.8,Needs Improvement
ST0012,9.7,99.4,43.4,57.3,61.6,7.5,6.7,1,81.9,Good
ST0013,8.5,97.2,89.9,58.4,78.3,6.7,7.9,0,92.3,Excellent
ST0014,2.9,52.0,47.7,61.2,50.6,7.2,4.5,0,54.5,Needs Improvement
ST0015,2.6,85.3,69.3,77.3,75.3,5.0,4.2,0,76.5,Good
ST0016,2.7,96.3,62.6,60.0,54.3,5.1,6.3,1,62.2,Average
ST0017,3.7,59.0,59.1,84.0,88.7,4.2,1.9,0,71.5,Good
ST0018,5.7,78.4,89.5,64.3,89.3,5.6,4.8,0,81.6,Good
ST0019,4.9,95.8,41.2,44.1,56.4,6.8,4.8,0,66.3,Average
ST0020,3.6,51.7,76.5,87.0,52.6,8.3,1.6,1,69.4,Average
ST0021,6.5,84.9,93.0,57.1,62.6,7.3,3.9,1,81.8,Good
ST0022,2.3,64.9,70.8,66.0,53.2,6.2,7.0,1,63.7,Average
ST0023,3.6,96.2,91.5,81.1,77.0,8.8,7.0,1,82.3,Good
ST0024,4.3,98.6,42.9,59.9,85.4,7.6,1.7,1,69.7,Average
ST0025,5.1,97.2,63.0,43.4,77.0,8.7,1.6,1,75.9,Good
ST0026,8.1,73.7,54.3,62.4,85.3,6.6,2.8,0,80.7,Good
ST0027,2.8,93.1,80.2,96.7,61.8,5.3,7.1,0,77.4,Good
ST0028,5.6,92.2,94.0,78.5,48.6,4.3,1.9,1,81.8,Good
ST0029,6.3,66.0,54.1,80.3,80.6,7.6,6.0,0,77.7,Good
ST0030,1.4,91.4,76.0,77.9,59.8,4.6,1.7,0,63.2,Average
ST0031,6.5,51.9,50.9,51.9,76.9,5.5,5.4,1,64.3,Average
ST0032,2.5,79.8,71.1,65.1,54.9,6.7,3.5,0,63.5,Average
ST0033,1.6,61.5,65.5,85.1,44.5,6.8,6.5,1,57.6,Needs Improvement
ST0034,9.5,56.0,93.5,46.1,94.6,7.0,2.6,1,90.3,Excellent
ST0035,9.7,53.8,73.5,56.7,48.6,4.8,5.5,0,74.8,Good
ST0036,8.3,84.8,59.2,56.6,94.4,5.9,2.6,1,83.4,Good
ST0037,3.7,67.0,46.3,65.9,93.8,7.1,6.0,0,66.0,Average
ST0038,1.9,86.2,48.3,98.8,83.7,8.8,7.1,0,69.0,Average
ST0039,7.2,53.3,52.4,44.1,76.3,7.6,1.9,0,65.9,Average
ST0040,5.0,65.8,53.8,71.1,71.8,8.6,7.1,1,68.5,Average
ST0041,2.1,77.0,86.8,50.8,87.6,7.8,5.2,1,72.2,Good
ST0042,5.5,89.5,70.9,98.2,55.9,7.0,1.9,0,79.3,Good
ST0043,1.3,65.9,68.8,46.8,65.7,5.0,4.0,1,57.4,Needs Improvement
ST0044,9.2,81.3,46.3,64.2,74.1,7.3,2.1,0,80.3,Good
ST0045,3.3,94.3,87.3,84.3,62.6,7.1,5.9,1,77.1,Good
ST0046,7.0,80.8,79.8,82.3,63.5,7.0,6.3,0,84.8,Good
ST0047,3.8,61.6,43.7,65.4,58.2,6.4,1.7,1,56.5,Needs Improvement
ST0048,5.7,51.2,78.9,60.8,71.0,6.6,4.5,0,68.4,Average
ST0049,5.9,93.5,69.9,63.9,86.8,5.7,6.7,0,87.4,Excellent
ST0050,2.7,51.1,44.5,55.9,51.1,6.6,7.6,0,45.0,Needs Improvement
ST0051,9.7,93.7,65.2,52.3,91.4,5.0,4.6,1,84.6,Good
ST0052,8.0,76.4,66.7,69.0,77.9,8.0,7.7,0,82.6,Good
ST0053,9.5,97.0,49.1,56.1,85.3,4.9,4.7,1,77.6,Good
ST0054,9.1,89.9,92.0,57.2,70.6,4.4,3.8,0,87.3,Excellent
ST0055,6.4,99.9,86.7,79.4,82.9,6.2,6.9,0,94.0,Excellent
ST0056,9.3,67.5,76.8,98.1,40.9,7.3,4.5,0,77.8,Good
ST0057,1.8,88.4,65.4,76.2,85.0,6.2,4.3,1,65.3,Average
ST0058,2.8,70.1,62.6,44.6,42.2,5.4,4.4,0,49.3,Needs Improvement
ST0059,1.4,74.0,75.8,44.5,88.9,6.8,6.9,1,67.9,Average
ST0060,3.9,81.4,70.0,97.1,94.6,5.7,6.8,1,83.1,Good
ST0061,4.5,93.7,43.4,57.8,56.2,8.7,3.8,1,65.7,Average
ST0062,3.4,99.2,68.2,45.5,51.6,8.6,3.3,0,69.9,Average
ST0063,8.5,88.4,84.4,75.9,82.1,6.5,4.4,1,96.4,Excellent
ST0064,4.2,70.9,65.3,77.4,53.9,5.6,5.0,1,72.3,Good
ST0065,3.5,71.1,42.9,78.9,87.6,7.7,2.7,0,67.2,Average
ST0066,5.9,86.9,83.2,56.0,45.7,4.2,6.6,1,65.1,Average
ST0067,2.3,61.9,51.1,40.9,46.9,6.4,4.4,0,46.8,Needs Improvement
ST0068,8.2,55.5,54.2,97.9,93.9,5.7,3.3,0,80.3,Good
ST0069,1.7,67.7,49.1,55.1,77.1,8.6,1.7,0,58.9,Needs Improvement
ST0070,9.9,64.4,58.2,80.6,86.6,4.1,2.7,0,82.9,Good
ST0071,8.0,64.8,81.6,82.4,57.8,6.8,7.6,0,82.1,Good
ST0072,2.8,61.7,68.6,76.6,77.2,7.7,3.1,0,71.8,Good
ST0073,1.0,52.1,51.3,58.8,72.7,6.4,2.2,1,54.2,Needs Improvement
ST0074,8.3,50.9,88.3,56.3,73.2,4.4,4.2,0,80.9,Good
ST0075,7.4,99.4,88.4,75.9,77.5,8.9,3.1,0,93.9,Excellent
ST0076,7.6,71.4,87.9,92.0,71.6,6.6,1.2,0,88.1,Excellent
ST0077,7.9,69.2,53.1,96.8,63.6,7.1,3.3,1,82.5,Good
ST0078,1.7,84.0,64.8,46.4,55.2,5.2,4.8,1,58.6,Needs Improvement
ST0079,4.2,60.9,94.2,49.3,82.3,6.4,4.9,1,80.5,Good
ST0080,2.0,97.5,82.5,96.7,52.4,6.1,3.5,1,70.6,Good
ST0081,8.8,89.3,41.5,84.2,78.1,4.4,4.1,0,78.3,Good
ST0082,6.6,54.5,43.6,93.0,52.8,4.5,7.8,1,63.7,Average
ST0083,4.0,70.9,65.5,52.2,74.4,8.2,3.6,0,69.2,Average
ST0084,1.6,94.0,90.0,75.3,81.1,5.2,2.8,0,79.3,Good
ST0085,3.8,97.2,69.6,82.1,52.0,5.0,2.7,1,73.1,Good
ST0086,3.9,73.4,67.4,80.8,43.3,6.5,4.2,0,61.0,Average
ST0087,7.6,80.7,45.8,64.5,47.2,7.8,6.3,1,72.8,Good
ST0088,6.7,58.4,76.1,40.9,73.3,4.3,2.4,1,74.3,Good
ST0089,9.0,99.6,85.2,75.0,86.7,6.9,6.0,0,89.0,Excellent
ST0090,5.2,61.6,60.9,55.2,42.5,4.6,1.1,0,60.5,Average
ST0091,2.1,97.1,82.7,67.0,80.4,4.2,3.9,0,68.0,Average
ST0092,7.4,82.5,93.0,97.5,58.8,4.3,6.4,1,84.4,Good
ST0093,7.8,80.4,51.2,63.9,66.3,8.2,3.4,1,75.0,Good
ST0094,6.1,75.6,68.8,90.4,91.1,4.6,4.9,0,82.9,Good
ST0095,7.9,61.5,55.8,51.3,58.3,4.2,2.4,0,68.0,Average
ST0096,5.4,58.8,83.6,80.3,65.6,6.2,6.2,1,70.9,Good
ST0097,5.7,61.0,71.8,98.6,40.8,8.2,1.4,1,77.4,Good
ST0098,4.8,59.3,74.9,46.1,44.5,5.3,7.0,0,55.0,Needs Improvement
ST0099,1.2,89.0,83.9,40.5,54.2,6.1,2.4,0,63.4,Average
ST0100,2.0,67.5,61.8,66.0,41.5,4.2,7.1,1,50.9,Needs Improvement
ST0101,1.3,52.9,90.3,45.6,74.7,6.2,3.5,0,60.3,Average
ST0102,6.7,98.5,69.3,84.9,63.5,6.9,6.1,0,83.3,Good
ST0103,3.8,94.2,48.7,94.9,70.1,6.9,3.2,1,75.8,Good
ST0104,5.6,96.4,78.3,66.0,49.6,5.7,7.3,1,79.0,Good
ST0105,9.2,99.7,83.6,55.5,56.3,5.6,1.9,0,86.6,Excellent
ST0106,3.2,58.7,57.4,66.1,76.5,4.5,2.2,0,62.8,Average
ST0107,4.7,69.8,87.1,83.4,93.1,5.8,4.5,0,79.7,Good
ST0108,7.8,87.9,89.8,40.5,42.8,4.5,1.6,0,77.5,Good
ST0109,3.1,84.8,55.2,75.4,89.0,7.8,2.4,1,75.4,Good
ST0110,1.7,57.7,94.1,76.8,71.7,8.8,7.6,0,68.1,Average
ST0111,3.6,90.8,47.7,78.3,71.0,8.9,7.8,1,64.3,Average
ST0112,2.5,61.2,51.1,54.5,67.5,8.3,3.6,1,60.2,Average
ST0113,9.4,61.2,50.1,82.8,43.8,7.0,7.5,0,72.3,Good
ST0114,8.3,76.8,89.2,45.5,44.9,7.5,4.8,0,75.7,Good
ST0115,6.7,79.6,76.0,52.0,73.1,5.4,2.9,0,73.1,Good
ST0116,8.8,79.0,48.4,92.6,58.8,7.2,5.9,1,84.3,Good
ST0117,8.2,54.6,64.2,84.3,90.4,6.3,5.6,1,83.5,Good
ST0118,2.7,93.9,73.8,40.8,62.4,6.4,7.9,0,63.0,Average
ST0119,9.0,63.3,44.6,54.9,47.9,7.8,2.9,1,67.1,Average
ST0120,5.9,56.5,88.5,52.9,79.3,5.4,5.7,1,72.4,Good
ST0121,8.3,94.4,84.2,56.2,56.1,5.6,1.4,1,89.5,Excellent
ST0122,9.1,97.8,67.8,54.9,68.9,8.6,1.8,0,87.6,Excellent
ST0123,3.9,93.1,93.2,43.8,78.4,4.3,1.0,0,75.1,Good
ST0124,2.0,90.5,63.0,67.5,89.5,6.4,8.0,1,71.0,Good
ST0125,3.1,82.8,94.1,84.0,83.6,8.6,6.6,0,78.1,Good
ST0126,4.8,77.5,76.7,76.4,77.2,7.1,6.5,0,80.6,Good
ST0127,8.4,54.3,74.9,80.4,77.4,6.7,4.6,0,85.2,Excellent
ST0128,8.7,70.4,49.1,44.9,92.0,5.2,3.1,0,74.6,Good
ST0129,1.1,68.6,88.5,97.1,56.3,5.7,2.1,0,66.0,Average
ST0130,5.6,63.0,63.5,90.3,40.1,8.3,3.0,1,62.8,Average
ST0131,4.8,86.2,48.9,88.3,55.0,6.8,3.6,0,64.8,Average
ST0132,3.0,74.8,40.7,89.4,52.0,6.6,6.3,0,54.5,Needs Improvement
ST0133,2.1,54.1,70.8,96.0,76.4,4.5,4.8,1,66.5,Average
ST0134,4.0,61.0,69.0,72.7,74.9,4.1,1.5,0,66.9,Average
ST0135,9.5,84.2,79.6,52.0,72.6,8.8,1.1,0,85.2,Excellent
ST0136,3.9,53.8,89.0,77.0,40.9,5.9,1.7,1,67.0,Average
ST0137,5.7,92.6,44.4,84.6,80.1,7.0,3.9,1,79.2,Good
ST0138,7.3,74.8,80.2,84.3,57.8,4.4,7.5,1,80.4,Good
ST0139,4.3,74.0,50.3,71.3,76.6,7.4,5.5,1,63.1,Average
ST0140,9.7,79.6,87.2,44.1,70.6,8.7,6.6,0,86.1,Excellent
ST0141,9.7,91.2,85.0,62.3,58.9,6.9,4.3,1,85.5,Excellent
ST0142,3.3,67.4,69.7,95.2,47.4,4.6,3.5,0,67.5,Average
ST0143,5.5,83.9,79.1,75.1,45.2,6.9,1.8,1,79.0,Good
ST0144,3.7,78.3,57.3,72.3,85.7,7.8,7.1,0,67.2,Average
ST0145,3.6,63.4,65.9,56.1,90.5,6.0,6.5,1,65.4,Average
ST0146,1.3,93.9,85.2,62.1,75.7,8.4,2.2,1,73.6,Good
ST0147,6.5,89.9,65.3,93.7,45.7,7.2,4.6,1,71.9,Good
ST0148,5.5,82.9,59.7,80.0,62.1,8.5,4.4,0,75.3,Good
ST0149,1.5,92.5,67.2,87.2,80.1,7.1,5.4,0,70.3,Good
ST0150,3.5,93.4,85.6,67.3,82.9,4.7,7.6,1,79.8,Good
ST0151,9.2,85.4,58.4,77.8,46.5,5.5,5.1,1,75.7,Good
ST0152,3.2,91.9,49.6,54.9,40.0,5.0,4.8,0,54.6,Needs Improvement
ST0153,2.3,84.9,79.2,82.3,79.2,8.5,1.4,1,73.8,Good
ST0154,5.4,84.0,85.4,65.7,59.6,7.8,1.4,1,77.5,Good
ST0155,9.9,80.9,45.5,66.6,54.0,7.4,2.3,0,74.2,Good
ST0156,3.2,87.6,53.2,79.0,40.7,5.5,1.2,1,67.0,Average
ST0157,7.0,57.9,47.8,96.2,69.7,4.9,6.2,0,68.3,Average
ST0158,7.9,94.0,59.1,43.8,86.8,7.8,6.1,0,80.7,Good
ST0159,3.1,93.6,64.8,89.5,92.7,6.4,2.0,0,77.7,Good
ST0160,7.6,51.5,81.2,57.5,71.1,5.1,6.9,1,70.7,Good
ST0161,4.3,91.3,75.8,66.6,68.3,7.1,2.1,1,77.3,Good
ST0162,6.7,56.4,74.2,41.3,44.7,4.2,3.1,0,65.3,Average
ST0163,6.7,66.8,59.4,58.1,70.2,5.6,2.7,1,68.7,Average
ST0164,5.8,87.2,86.3,70.2,60.9,6.3,3.6,1,83.5,Good
ST0165,1.8,58.0,65.9,43.4,73.4,4.7,2.8,1,55.2,Needs Improvement
ST0166,8.5,90.9,93.9,69.5,61.4,8.9,4.4,0,89.1,Excellent
ST0167,3.9,91.6,74.9,95.6,53.2,5.0,3.9,1,76.9,Good
ST0168,2.7,75.4,46.9,46.3,45.2,4.7,7.9,0,47.3,Needs Improvement
ST0169,1.4,50.3,77.2,85.9,57.3,5.0,1.4,0,60.6,Average
ST0170,6.3,64.4,57.9,64.6,45.3,7.8,2.0,0,66.2,Average
ST0171,7.1,80.8,77.7,79.3,49.7,6.1,1.4,0,79.8,Good
ST0172,1.1,99.1,43.8,55.6,94.3,6.8,5.4,1,58.0,Needs Improvement
ST0173,5.6,81.6,49.6,49.6,64.4,4.1,1.4,0,60.2,Average
ST0174,3.0,63.0,87.1,49.6,69.3,4.2,6.9,1,66.5,Average
ST0175,6.8,81.7,52.5,44.2,88.0,6.2,4.6,0,76.5,Good
ST0176,2.6,77.0,86.0,51.1,94.8,8.1,4.7,0,71.3,Good
ST0177,7.2,89.0,55.4,79.9,72.0,8.4,4.9,1,81.1,Good
ST0178,4.5,55.3,75.4,92.9,84.7,4.4,2.2,1,76.8,Good
ST0179,9.4,88.1,78.2,88.8,58.0,6.7,2.4,0,91.9,Excellent
ST0180,2.2,77.1,68.2,81.1,56.8,8.6,3.2,0,60.7,Average
ST0181,4.1,98.1,56.8,46.6,62.1,5.9,5.2,0,62.9,Average
ST0182,2.0,67.1,51.7,57.4,77.0,8.1,2.5,0,59.7,Needs Improvement
ST0183,9.3,81.6,41.8,58.6,77.5,4.7,1.8,1,80.8,Good
ST0184,8.9,96.6,56.7,55.0,57.3,8.7,7.8,1,87.5,Excellent
ST0185,3.3,55.1,75.9,70.9,47.3,7.8,1.2,0,63.4,Average
ST0186,6.9,96.9,91.6,72.1,74.8,8.7,6.6,1,86.3,Excellent
ST0187,8.4,84.4,87.9,61.4,47.1,7.4,6.5,1,83.7,Good
ST0188,6.0,53.4,82.1,61.2,71.8,5.8,3.1,0,76.8,Good
ST0189,5.8,65.0,83.4,89.7,78.1,8.7,1.9,0,83.7,Good
ST0190,3.2,85.4,76.6,87.4,78.5,5.4,2.0,1,75.0,Good
ST0191,1.8,53.4,54.3,58.5,81.4,5.7,5.9,1,59.9,Needs Improvement
ST0192,9.1,79.1,89.9,94.8,88.0,7.5,5.5,0,98.1,Excellent
ST0193,9.1,67.3,76.9,97.2,67.5,7.8,6.5,0,83.5,Good
ST0194,6.7,81.0,70.8,59.6,80.2,8.6,7.6,0,79.9,Good
ST0195,4.1,52.3,46.1,61.3,74.1,5.0,5.8,1,61.7,Average
ST0196,4.1,93.6,64.6,70.3,50.3,8.0,2.1,0,74.7,Good
ST0197,7.5,98.7,65.3,96.5,41.4,7.7,2.7,0,82.3,Good
ST0198,9.1,98.4,87.6,92.6,55.6,4.3,6.9,1,89.7,Excellent
ST0199,9.0,87.5,70.1,46.2,64.4,5.9,2.5,1,86.0,Excellent
ST0200,8.0,56.5,60.9,63.6,73.9,5.4,1.5,1,72.3,Good
ST0201,6.8,87.9,93.7,73.2,86.7,5.5,5.9,0,89.1,Excellent
ST0202,1.8,51.2,46.1,70.2,50.8,8.9,3.8,0,48.0,Needs Improvement
ST0203,2.5,51.1,63.2,51.6,46.9,7.2,7.4,0,54.5,Needs Improvement
ST0204,9.1,66.2,42.3,91.5,93.0,7.6,5.6,0,81.4,Good
ST0205,6.5,74.4,80.7,80.6,45.9,8.9,1.6,1,84.1,Good
ST0206,1.1,88.5,90.5,90.3,66.3,5.9,7.6,0,72.2,Good
ST0207,1.9,84.2,55.4,91.5,72.2,8.0,2.8,0,65.0,Average
ST0208,7.0,72.3,87.2,84.9,69.8,6.2,3.4,0,87.9,Excellent
ST0209,1.0,63.7,56.1,66.4,44.7,8.3,3.8,0,57.7,Needs Improvement
ST0210,2.4,99.9,90.1,76.6,43.1,4.9,1.4,1,76.1,Good
ST0211,5.9,71.3,81.5,49.6,45.8,8.7,4.5,0,68.5,Average
ST0212,7.2,72.6,84.3,80.4,72.2,5.1,1.9,0,82.4,Good
ST0213,6.9,58.2,41.0,50.8,69.9,5.6,3.8,0,63.7,Average
ST0214,3.0,89.7,93.0,81.6,52.9,7.8,3.5,0,73.9,Good
ST0215,7.4,84.7,80.0,53.8,75.1,6.0,6.4,0,85.2,Excellent
ST0216,3.1,61.0,56.8,47.1,85.1,7.0,6.6,1,62.6,Average
ST0217,3.9,54.1,85.6,49.9,42.3,6.2,2.1,1,55.3,Needs Improvement
ST0218,7.7,84.0,55.5,40.1,67.4,7.7,3.6,1,76.4,Good
ST0219,6.8,82.7,88.0,83.1,77.9,5.1,3.6,1,86.5,Excellent
ST0220,8.6,63.7,46.2,83.9,53.9,4.3,2.1,1,72.9,Good
ST0221,6.9,97.5,78.7,70.9,56.9,5.5,6.6,1,80.0,Good
ST0222,6.1,57.6,69.7,49.7,73.8,6.4,6.0,0,71.0,Good
ST0223,1.8,71.6,45.3,45.0,89.4,4.8,2.3,0,61.0,Average
ST0224,4.3,97.2,53.3,41.1,84.5,5.8,3.6,0,70.3,Good
ST0225,3.4,71.0,40.7,49.9,72.1,6.0,1.7,1,59.2,Needs Improvement
ST0226,3.2,81.9,65.8,93.5,80.2,4.3,5.4,1,73.0,Good
ST0227,9.8,69.9,56.6,54.5,60.1,6.9,1.8,1,78.9,Good
ST0228,4.5,63.7,72.9,61.3,75.3,8.4,7.9,0,66.9,Average
ST0229,9.0,99.2,56.3,46.3,65.6,4.8,6.5,1,80.4,Good
ST0230,6.7,70.5,56.5,53.3,50.4,7.0,3.7,0,68.1,Average
ST0231,8.2,94.7,80.9,71.2,78.6,7.3,5.0,0,93.9,Excellent
ST0232,5.5,61.5,42.6,76.5,70.6,6.1,7.4,0,67.3,Average
ST0233,6.2,60.7,89.7,54.7,59.7,7.5,4.9,0,71.7,Good
ST0234,5.4,51.6,86.9,43.5,90.1,6.1,2.2,0,76.3,Good
ST0235,2.8,82.6,76.7,63.5,41.2,6.5,3.7,0,60.9,Average
ST0236,7.5,68.4,72.6,54.1,57.4,4.0,6.9,0,72.0,Good
ST0237,3.5,93.2,89.1,53.2,43.1,7.5,5.5,1,69.5,Average
ST0238,1.2,73.7,50.2,97.6,82.2,7.3,5.6,1,62.9,Average
ST0239,6.8,98.4,44.3,77.0,78.6,4.2,7.1,1,77.2,Good
ST0240,2.6,59.3,53.2,73.4,58.2,5.8,7.3,0,47.3,Needs Improvement
ST0241,9.5,93.4,83.7,64.9,77.2,8.9,7.4,1,88.1,Excellent
ST0242,9.6,88.8,41.9,65.7,61.8,6.1,1.7,1,79.4,Good
ST0243,9.2,88.5,72.1,72.5,81.6,6.5,4.8,0,89.0,Excellent
ST0244,4.3,92.2,94.7,81.8,65.0,8.5,6.2,0,80.9,Good
ST0245,1.1,88.1,87.1,82.1,62.7,7.6,6.3,0,65.3,Average
ST0246,9.4,81.3,68.7,50.3,91.4,6.9,5.2,0,83.1,Good
ST0247,4.9,56.6,43.5,70.0,53.8,8.0,2.2,1,63.6,Average
ST0248,9.7,51.6,85.7,64.7,46.6,8.3,6.6,1,81.7,Good
ST0249,9.7,96.0,72.9,92.2,72.1,6.3,6.0,0,91.8,Excellent
ST0250,8.7,80.8,46.3,77.9,93.3,6.4,1.6,1,89.1,Excellent
ST0251,3.7,89.8,45.2,72.0,60.8,5.9,4.2,1,66.6,Average
ST0252,4.5,74.1,90.0,46.9,43.4,8.8,2.2,1,69.4,Average
ST0253,8.7,55.9,76.8,76.3,58.7,7.5,3.4,0,78.7,Good
ST0254,3.9,56.3,85.6,47.0,67.8,4.4,1.1,1,63.2,Average
ST0255,2.5,84.3,88.3,60.2,48.9,8.3,3.8,0,68.5,Average
ST0256,6.0,71.5,71.4,48.6,76.2,6.4,4.8,1,77.3,Good
ST0257,9.4,60.0,68.5,81.5,94.9,4.3,5.3,0,86.7,Excellent
ST0258,7.3,74.6,63.7,52.4,64.8,6.7,5.6,0,76.6,Good
ST0259,6.1,53.2,57.4,63.5,59.5,6.1,6.9,1,63.8,Average
ST0260,1.9,79.1,63.9,93.7,62.0,8.4,2.5,0,72.4,Good
ST0261,6.5,63.4,82.6,52.3,46.3,5.0,1.8,0,69.3,Average
ST0262,9.9,89.9,73.1,70.5,88.6,8.1,7.0,0,96.8,Excellent
ST0263,2.3,65.5,89.1,65.2,62.8,6.8,2.1,1,69.2,Average
ST0264,5.7,72.8,64.4,41.1,61.3,4.3,7.8,0,64.9,Average
ST0265,8.9,50.6,73.4,87.6,76.3,8.9,6.9,1,88.7,Excellent
ST0266,7.7,53.6,74.7,44.1,64.3,6.6,4.5,0,70.5,Good
ST0267,7.3,69.6,72.5,68.5,75.7,5.5,7.9,0,76.7,Good
ST0268,7.3,74.0,78.6,73.6,43.4,6.3,1.7,0,80.6,Good
ST0269,4.2,80.0,53.1,77.7,84.8,8.3,3.1,0,73.1,Good
ST0270,3.6,64.6,68.2,81.3,91.7,5.5,5.5,0,67.3,Average
ST0271,8.3,84.7,45.7,55.2,75.7,5.0,3.5,0,81.2,Good
ST0272,8.3,93.0,61.1,40.6,92.5,4.6,7.5,1,79.3,Good
ST0273,8.8,89.0,66.8,83.4,48.3,5.5,1.5,1,84.3,Good
ST0274,9.2,52.0,75.9,72.1,66.3,7.9,4.8,0,83.8,Good
ST0275,5.6,74.0,92.3,90.2,73.1,6.4,5.1,0,80.7,Good
ST0276,5.5,55.2,73.0,89.3,72.0,5.1,5.6,1,70.7,Good
ST0277,8.2,62.1,80.9,90.6,62.1,4.8,2.8,0,82.3,Good
ST0278,6.8,99.3,67.8,69.1,58.6,5.7,3.6,0,73.4,Good
ST0279,7.3,57.1,74.9,60.0,47.0,8.7,6.9,1,71.0,Good
ST0280,8.2,74.9,43.9,87.5,61.5,5.7,2.4,1,77.4,Good
ST0281,9.0,80.9,54.0,67.1,48.9,8.9,6.8,1,76.5,Good
ST0282,4.0,85.1,59.9,51.0,80.4,6.4,4.9,0,63.9,Average
ST0283,4.4,78.0,66.0,91.3,51.5,4.9,6.3,0,72.6,Good
ST0284,1.8,50.5,42.5,93.0,43.2,8.5,6.0,1,53.5,Needs Improvement
ST0285,6.2,66.3,47.7,68.0,70.4,6.3,2.5,0,73.1,Good
ST0286,1.3,75.9,55.2,44.5,72.7,7.5,5.0,0,56.3,Needs Improvement
ST0287,5.2,54.4,93.4,63.3,88.0,8.9,7.1,0,75.3,Good
ST0288,5.9,67.5,58.2,88.2,71.7,4.3,4.0,0,72.5,Good
ST0289,3.6,51.7,66.5,94.1,59.0,4.5,7.8,1,62.4,Average
ST0290,6.3,53.9,50.8,52.2,84.2,7.6,4.2,1,65.9,Average
ST0291,1.3,69.8,73.6,44.0,69.7,5.4,2.0,1,65.3,Average
ST0292,1.3,56.6,55.4,92.6,44.4,4.9,3.7,0,51.5,Needs Improvement
ST0293,8.4,78.4,51.4,63.4,71.1,4.2,7.7,0,67.3,Average
ST0294,4.2,84.5,68.4,72.5,89.9,4.1,3.2,0,79.1,Good
ST0295,2.1,90.0,40.3,98.1,61.8,7.9,7.1,0,61.8,Average
ST0296,5.7,60.0,40.4,44.0,56.3,4.7,7.2,1,54.0,Needs Improvement
ST0297,7.9,58.4,52.0,78.9,47.9,6.3,3.5,0,64.0,Average
ST0298,2.9,55.2,42.0,44.4,48.3,7.0,1.6,0,55.3,Needs Improvement
ST0299,6.6,81.8,45.9,62.5,63.8,6.1,6.1,0,64.5,Average
ST0300,1.8,85.3,58.6,88.2,72.8,4.1,3.2,1,67.3,Average
ST0301,1.5,51.6,84.1,66.0,44.4,7.9,6.5,0,59.6,Needs Improvement
ST0302,5.8,96.8,71.5,99.8,91.7,4.1,4.1,0,87.5,Excellent
ST0303,5.9,52.6,68.2,73.5,81.5,7.8,4.4,0,73.4,Good
ST0304,6.7,77.1,56.1,59.3,72.3,8.5,6.4,1,69.6,Average
ST0305,7.5,85.5,91.2,53.2,85.6,6.2,3.7,0,84.5,Good
ST0306,9.8,93.5,61.8,61.0,44.4,6.7,4.1,1,82.0,Good
ST0307,5.6,85.7,44.8,62.4,66.2,6.4,3.6,1,67.5,Average
ST0308,3.9,90.1,73.9,44.1,74.7,5.9,3.6,0,71.4,Good
ST0309,8.2,67.0,46.3,62.2,85.6,8.4,4.7,1,79.7,Good
ST0310,3.4,90.7,59.0,67.9,83.1,8.5,6.7,0,74.6,Good
ST0311,5.0,54.0,67.9,83.4,55.2,5.7,3.5,1,64.3,Average
ST0312,1.7,94.7,88.1,79.4,91.7,7.1,4.7,0,85.4,Excellent
ST0313,1.2,77.4,67.1,82.5,46.8,8.6,5.7,0,63.4,Average
ST0314,9.7,90.9,78.6,40.5,88.1,8.8,2.9,0,91.3,Excellent
ST0315,8.5,72.6,94.6,53.1,93.4,6.5,2.9,0,93.2,Excellent
ST0316,7.3,82.2,47.2,79.7,49.7,6.3,7.5,1,78.1,Good
ST0317,4.7,76.3,55.1,69.0,79.7,5.4,6.1,0,64.0,Average
ST0318,2.6,86.6,61.7,40.3,42.2,8.8,5.0,1,59.0,Needs Improvement
ST0319,2.4,54.1,63.2,88.3,62.3,4.7,5.5,0,52.2,Needs Improvement
ST0320,3.3,53.0,62.6,86.4,68.4,6.9,1.2,1,68.0,Average
ST0321,5.9,62.4,89.9,72.9,71.9,5.4,5.3,0,77.9,Good
ST0322,7.4,58.0,79.3,44.0,91.5,5.4,4.6,0,76.8,Good
ST0323,6.9,93.6,73.4,86.0,77.0,6.0,4.8,0,83.2,Good
ST0324,3.5,61.0,57.0,75.0,66.5,9.0,3.5,1,60.6,Average
ST0325,9.6,98.8,85.3,86.9,84.5,4.3,1.6,0,98.8,Excellent
ST0326,7.6,66.8,92.5,85.1,92.3,6.9,2.4,0,95.5,Excellent
ST0327,6.0,59.1,85.2,88.2,41.2,4.4,7.7,0,67.5,Average
ST0328,6.5,89.5,40.1,71.1,94.0,4.8,3.9,1,78.4,Good
ST0329,4.8,82.9,75.0,48.4,44.7,6.2,4.3,0,61.6,Average
ST0330,3.2,74.9,42.8,80.3,84.8,6.6,1.4,1,70.2,Good
ST0331,4.2,77.8,54.2,77.2,55.4,5.3,1.3,0,64.7,Average
ST0332,7.8,86.0,43.3,84.5,47.3,5.6,6.0,1,70.4,Good
ST0333,1.1,61.4,73.2,50.2,64.2,4.4,4.8,1,54.2,Needs Improvement
ST0334,2.0,99.8,77.8,51.7,75.4,5.5,4.6,0,68.3,Average
ST0335,1.4,98.7,46.3,93.4,61.0,8.8,2.7,0,67.9,Average
ST0336,1.4,82.5,61.1,85.0,43.0,8.7,6.2,0,56.5,Needs Improvement
ST0337,8.7,60.0,65.1,94.5,73.0,5.7,2.2,0,81.0,Good
ST0338,7.3,84.0,60.3,85.5,89.6,6.9,2.3,0,85.2,Excellent
ST0339,5.3,53.6,46.7,75.8,61.1,8.5,4.2,1,62.1,Average
ST0340,1.9,51.5,63.0,79.2,51.9,4.0,3.0,0,60.1,Average
ST0341,5.4,62.9,81.3,93.3,64.3,8.1,2.7,1,77.4,Good
ST0342,5.3,73.1,43.9,74.7,42.7,8.7,5.5,0,60.7,Average
ST0343,2.6,93.4,44.4,77.9,85.1,4.5,5.6,1,64.3,Average
ST0344,4.9,86.4,59.5,49.4,85.4,4.8,6.8,0,74.8,Good
ST0345,4.6,87.1,91.8,68.4,72.3,8.8,3.9,0,83.3,Good
ST0346,6.5,71.3,76.8,83.0,59.4,6.7,1.5,0,75.9,Good
ST0347,6.7,67.3,77.3,56.3,84.0,4.1,2.9,0,79.9,Good
ST0348,1.4,68.6,59.9,52.1,70.5,5.3,7.9,0,55.0,Needs Improvement
ST0349,4.4,99.4,72.7,58.8,85.4,6.2,5.2,1,79.6,Good
ST0350,6.6,52.0,40.6,54.5,74.7,7.5,6.0,1,63.7,Average
ST0351,5.5,93.4,75.0,52.9,83.1,7.7,1.1,0,79.2,Good
ST0352,8.7,78.9,90.2,65.5,72.9,9.0,4.6,0,90.4,Excellent
ST0353,6.9,71.9,73.7,94.5,62.8,5.4,1.3,0,78.9,Good
ST0354,2.5,86.3,88.1,70.4,92.7,6.7,5.0,0,82.8,Good
ST0355,1.6,74.3,79.8,51.3,69.8,6.7,7.4,0,58.4,Needs Improvement
ST0356,6.8,93.7,46.6,44.6,73.3,6.0,7.8,1,75.7,Good
ST0357,1.2,95.0,89.6,81.8,52.1,4.8,4.8,1,69.9,Average
ST0358,6.3,71.1,43.7,63.0,74.4,8.9,4.2,1,72.5,Good
ST0359,9.5,63.8,69.4,89.3,71.4,8.3,7.6,0,86.8,Excellent
ST0360,6.2,79.6,47.8,79.6,50.2,6.5,5.7,1,67.2,Average
ST0361,4.5,95.6,40.6,87.8,43.3,7.0,1.5,1,71.3,Good
ST0362,6.8,60.5,63.2,56.3,73.2,5.1,4.3,0,61.8,Average
ST0363,5.1,81.1,56.2,81.5,82.0,6.7,2.7,0,73.6,Good
ST0364,5.9,81.6,66.7,55.8,68.8,7.5,4.3,1,72.5,Good
ST0365,9.5,86.7,71.7,96.3,52.5,6.6,4.2,0,83.3,Good
ST0366,4.5,56.6,42.4,78.2,76.7,9.0,5.1,0,64.1,Average
ST0367,9.7,85.8,46.8,59.5,44.4,7.1,3.5,0,75.8,Good
ST0368,9.1,95.5,70.7,56.2,64.3,5.9,2.1,1,88.1,Excellent
ST0369,2.8,59.0,58.9,51.5,49.0,7.9,4.5,0,55.7,Needs Improvement
ST0370,1.6,61.9,80.1,81.7,50.1,4.9,6.8,1,58.7,Needs Improvement
ST0371,1.9,98.6,75.9,53.1,51.1,5.9,5.6,1,66.2,Average
ST0372,1.2,59.0,86.5,75.7,61.3,5.7,3.4,1,64.7,Average
ST0373,1.8,92.7,78.1,55.9,42.8,6.2,7.5,0,63.6,Average
ST0374,7.1,74.6,63.6,79.7,61.9,7.9,7.4,1,79.5,Good
ST0375,1.6,62.4,77.0,88.9,68.1,6.4,2.5,0,66.8,Average
ST0376,3.9,93.5,55.1,86.7,66.6,8.0,1.3,0,71.5,Good
ST0377,8.6,72.3,56.8,85.7,61.1,6.9,6.2,0,75.7,Good
ST0378,1.2,75.7,83.4,51.3,86.2,5.7,6.8,0,63.5,Average
ST0379,8.3,68.0,64.6,45.3,48.0,8.0,7.8,1,70.1,Good
ST0380,3.5,79.6,83.9,81.9,67.8,5.2,7.2,0,72.9,Good
ST0381,2.1,58.2,85.2,62.1,43.4,5.1,5.2,0,59.7,Needs Improvement
ST0382,7.3,69.6,87.2,65.9,43.9,6.5,4.7,0,75.3,Good
ST0383,6.7,98.5,90.4,41.9,71.6,5.3,1.2,1,84.7,Good
ST0384,8.9,62.9,63.7,55.6,71.1,4.0,2.7,1,77.1,Good
ST0385,7.6,82.8,57.5,42.0,88.3,7.2,4.2,1,77.6,Good
ST0386,8.2,66.3,72.0,92.8,70.7,6.6,5.4,0,79.7,Good
ST0387,3.5,88.7,60.4,54.6,92.8,6.2,4.9,0,65.7,Average
ST0388,2.6,56.5,73.1,73.4,42.7,8.8,6.2,1,59.0,Needs Improvement
ST0389,7.8,98.5,78.8,42.3,45.4,6.9,3.0,0,79.6,Good
ST0390,8.3,72.7,77.9,80.0,42.4,8.3,5.0,0,77.2,Good
ST0391,9.9,61.8,60.6,59.4,50.2,4.7,1.6,1,75.0,Good
ST0392,4.7,53.7,49.2,93.9,69.8,6.8,3.9,0,67.8,Average
ST0393,4.3,58.5,63.7,93.3,75.5,8.3,6.3,1,74.2,Good
ST0394,8.0,76.0,47.8,59.5,42.5,6.9,5.9,0,63.9,Average
ST0395,4.1,66.9,89.0,94.1,92.0,7.6,7.9,0,83.4,Good
ST0396,9.4,91.4,59.0,99.8,86.3,5.9,2.9,0,95.3,Excellent
ST0397,8.7,71.5,48.5,89.5,56.3,4.5,4.5,0,70.9,Good
ST0398,4.9,62.4,41.4,90.7,44.2,6.3,3.3,1,59.8,Needs Improvement
ST0399,7.8,80.9,75.5,54.9,49.3,6.0,4.1,1,80.4,Good
ST0400,7.8,85.3,75.0,74.6,47.0,8.3,7.0,0,78.6,Good
ST0401,1.9,58.4,58.7,44.0,46.8,5.2,5.8,0,41.8,Needs Improvement
ST0402,9.1,58.4,43.9,45.7,68.5,8.8,7.2,1,66.8,Average
ST0403,5.5,51.8,62.5,99.9,53.5,8.8,2.4,1,72.1,Good
ST0404,8.4,86.8,57.1,59.6,59.7,5.2,7.1,0,70.8,Good
ST0405,3.9,83.2,77.2,84.9,94.4,5.7,1.4,0,79.9,Good
ST0406,9.1,73.7,73.3,88.4,77.6,8.5,7.2,0,87.8,Excellent
ST0407,4.5,92.2,60.1,91.5,92.2,8.8,3.3,1,88.2,Excellent
ST0408,1.1,90.3,52.0,99.9,47.8,6.2,3.2,1,62.3,Average
ST0409,9.1,79.3,94.3,54.5,61.0,5.6,4.6,0,88.1,Excellent
ST0410,1.8,93.4,65.0,42.4,70.5,6.6,7.6,1,67.2,Average
ST0411,3.9,60.3,77.9,64.7,44.2,7.4,1.3,0,69.3,Average
ST0412,9.6,55.6,47.7,47.8,40.2,5.4,3.5,0,65.6,Average
ST0413,9.6,63.5,66.7,41.3,76.9,7.7,7.0,0,71.6,Good
ST0414,6.2,52.9,41.5,61.6,75.3,4.3,3.8,1,65.1,Average
ST0415,6.7,76.6,67.8,87.0,62.6,4.2,2.4,0,79.9,Good
ST0416,5.0,96.8,93.0,74.0,66.9,5.9,4.0,0,82.2,Good
ST0417,3.6,52.0,61.1,58.8,62.8,5.8,3.7,0,64.2,Average
ST0418,4.0,56.1,42.1,79.3,41.3,5.6,7.4,0,55.1,Needs Improvement
ST0419,7.1,72.6,41.7,53.9,58.4,6.5,6.3,0,66.1,Average
ST0420,7.8,96.7,61.3,40.9,49.7,5.6,4.5,1,77.2,Good
ST0421,8.1,65.8,48.8,85.9,45.4,5.0,7.9,0,68.6,Average
ST0422,8.1,75.4,41.3,77.4,92.6,5.5,4.3,1,72.1,Good
ST0423,1.8,52.1,81.6,85.7,73.0,8.9,1.4,0,67.7,Average
ST0424,5.4,57.4,65.2,42.3,80.1,6.1,2.8,0,70.8,Good
ST0425,1.5,99.3,55.9,90.2,57.3,6.2,4.1,0,63.2,Average
ST0426,5.9,98.3,89.5,77.2,61.6,6.9,2.1,0,84.6,Good
ST0427,5.0,50.2,46.4,73.8,53.0,8.9,7.6,0,55.9,Needs Improvement
ST0428,9.0,97.6,92.6,77.5,45.3,5.2,6.4,0,92.2,Excellent
ST0429,4.2,82.0,57.3,91.9,49.8,7.4,2.9,1,75.9,Good
ST0430,2.1,93.4,88.9,75.2,83.9,7.6,5.1,1,76.4,Good
ST0431,2.3,72.7,73.2,74.9,77.3,7.0,6.1,0,68.3,Average
ST0432,7.9,75.8,85.5,99.4,70.1,4.4,7.6,0,82.8,Good
ST0433,6.6,74.4,94.1,85.4,66.1,7.4,7.2,0,85.0,Excellent
ST0434,1.9,83.3,55.9,66.5,90.7,4.3,4.6,0,66.2,Average
ST0435,1.8,57.0,92.9,82.4,44.0,7.0,6.4,0,65.0,Average
ST0436,7.3,51.5,61.4,63.4,55.4,7.7,4.9,1,70.7,Good
ST0437,1.7,65.4,61.2,53.7,59.2,5.1,4.9,0,62.8,Average
ST0438,8.4,85.2,58.7,75.8,83.0,8.2,1.8,0,83.3,Good
ST0439,7.4,60.1,69.8,95.7,94.6,4.2,1.9,0,78.4,Good
ST0440,1.7,83.7,48.5,95.7,53.2,8.2,4.7,0,61.2,Average
ST0441,1.8,98.5,70.5,60.5,88.1,6.3,2.9,1,68.8,Average
ST0442,9.9,54.7,69.8,71.7,85.7,5.1,1.1,0,80.0,Good
ST0443,4.4,83.6,81.9,52.7,52.4,4.7,6.1,0,64.2,Average
ST0444,4.3,72.2,85.9,99.7,62.0,8.8,1.2,1,79.2,Good
ST0445,8.3,93.4,64.2,98.9,62.5,4.4,5.2,0,80.9,Good
ST0446,9.5,58.9,56.6,79.0,93.8,5.0,4.8,1,85.0,Excellent
ST0447,9.9,84.6,54.3,88.3,49.9,5.7,7.8,1,79.1,Good
ST0448,7.8,91.9,50.7,82.9,84.0,7.1,4.4,0,82.7,Good
ST0449,4.4,97.2,43.2,75.6,58.4,6.7,1.4,1,73.1,Good
ST0450,1.8,84.2,58.8,43.2,80.2,4.6,4.9,0,57.4,Needs Improvement
ST0451,8.0,74.9,54.9,67.3,63.1,5.4,6.9,0,71.5,Good
ST0452,6.0,80.9,93.2,80.5,71.8,5.2,8.0,0,82.2,Good
ST0453,4.8,93.4,70.7,80.7,85.8,5.1,4.0,0,73.9,Good
ST0454,9.2,78.5,59.1,62.4,84.2,6.1,3.2,1,77.1,Good
ST0455,2.0,51.5,71.9,96.5,87.7,7.5,7.3,1,70.2,Good
ST0456,5.4,96.5,47.7,50.0,43.3,5.1,2.3,1,66.8,Average
ST0457,1.1,84.5,64.4,70.0,78.1,5.8,5.3,1,71.6,Good
ST0458,5.2,83.8,74.4,81.5,47.7,6.0,3.8,0,73.5,Good
ST0459,1.5,60.8,66.9,81.8,62.9,8.9,1.3,0,66.4,Average
ST0460,2.1,82.9,62.1,78.9,70.2,8.8,3.4,0,67.9,Average
ST0461,2.1,69.7,94.7,56.5,62.2,8.0,2.9,0,69.5,Average
ST0462,6.8,82.6,88.4,49.4,68.6,5.2,5.8,0,83.1,Good
ST0463,7.7,55.3,74.3,78.2,94.8,4.3,7.6,1,74.4,Good
ST0464,6.3,82.9,71.3,76.0,47.4,5.6,2.9,0,75.2,Good
ST0465,9.7,100.0,74.1,50.8,77.2,5.3,6.7,0,93.1,Excellent
ST0466,4.4,52.4,51.1,82.3,61.8,6.5,1.4,0,64.3,Average
ST0467,3.6,98.9,61.7,67.3,47.3,7.9,4.8,1,74.1,Good
ST0468,8.8,70.3,42.2,80.1,48.7,8.3,1.5,1,73.9,Good
ST0469,3.0,93.5,66.2,90.2,92.2,8.2,7.5,1,79.0,Good
ST0470,9.7,89.1,69.9,50.2,88.4,5.8,6.4,0,86.2,Excellent
ST0471,1.1,78.4,52.5,41.1,89.9,7.4,5.6,1,53.7,Needs Improvement
ST0472,9.7,86.9,93.0,86.7,94.5,5.6,6.8,0,94.4,Excellent
ST0473,1.4,93.9,90.0,76.6,51.5,4.3,5.5,1,65.4,Average
ST0474,9.0,70.2,79.7,82.0,59.5,7.5,7.8,0,85.3,Excellent
ST0475,5.7,66.4,69.3,90.3,76.8,4.0,6.0,0,76.7,Good
ST0476,9.9,83.4,87.8,88.2,66.6,6.0,7.5,0,92.1,Excellent
ST0477,1.7,90.4,47.2,97.7,63.0,5.6,4.6,1,67.5,Average
ST0478,6.0,88.1,83.5,72.2,59.7,7.5,1.8,0,80.8,Good
ST0479,9.7,89.9,46.9,69.3,72.7,7.8,4.7,1,88.0,Excellent
ST0480,5.7,71.8,83.7,64.1,71.7,5.5,1.9,0,77.0,Good
ST0481,6.7,90.9,55.2,49.2,48.9,8.1,5.1,0,69.8,Average
ST0482,7.3,56.0,88.2,74.4,65.9,5.5,4.4,0,77.1,Good
ST0483,5.1,77.2,91.9,56.6,70.4,6.2,5.4,0,78.1,Good
ST0484,6.6,50.3,48.2,95.3,71.4,7.6,1.1,0,71.6,Good
ST0485,6.3,66.2,65.4,75.0,51.6,7.5,2.4,0,74.5,Good
ST0486,9.1,68.3,94.0,75.6,80.8,8.9,4.4,1,90.5,Excellent
ST0487,1.4,69.8,66.6,61.3,41.4,5.1,7.7,0,48.6,Needs Improvement
ST0488,3.5,84.8,87.5,43.1,59.5,7.3,3.7,1,73.6,Good
ST0489,9.6,69.4,72.4,41.9,82.9,7.0,4.0,1,83.6,Good
ST0490,9.0,72.4,60.6,65.4,71.0,8.6,6.0,1,80.2,Good
ST0491,5.1,61.9,55.7,45.1,54.4,4.8,5.2,0,60.6,Average
ST0492,6.6,68.7,51.2,76.4,78.2,7.8,3.1,0,72.9,Good
ST0493,3.5,61.4,81.9,92.9,71.2,6.8,3.9,0,72.6,Good
ST0494,2.7,53.7,61.3,93.0,83.8,5.4,2.5,1,72.2,Good
ST0495,5.2,80.2,68.1,79.5,80.4,6.4,7.8,1,81.3,Good
ST0496,4.2,83.4,67.1,52.7,73.6,5.7,1.9,0,74.8,Good
ST0497,6.3,81.0,71.8,91.8,66.8,6.9,3.6,0,79.8,Good
ST0498,1.7,73.2,87.6,93.2,47.3,8.4,1.2,1,75.6,Good
ST0499,9.8,69.0,93.9,51.8,54.4,6.8,2.6,0,81.7,Good
ST0500,9.9,93.2,62.4,84.2,63.1,7.2,6.5,1,85.4,Excellent
ST0501,7.3,76.0,85.5,57.2,73.0,6.6,2.4,0,75.0,Good
ST0502,5.8,74.0,82.0,88.2,68.3,4.3,1.6,1,85.9,Excellent
ST0503,3.8,51.3,71.5,99.8,55.9,5.2,4.3,0,63.1,Average
ST0504,8.3,67.1,92.6,41.8,40.4,6.5,1.1,0,76.0,Good
ST0505,7.2,69.0,51.0,93.8,67.3,5.6,1.6,1,74.4,Good
ST0506,2.5,69.9,46.0,77.4,55.7,4.9,6.7,1,58.6,Needs Improvement
ST0507,9.2,79.0,87.0,98.4,80.4,6.5,6.4,0,92.3,Excellent
ST0508,8.4,76.7,64.2,67.9,41.3,5.6,7.4,0,67.7,Average
ST0509,9.5,80.4,86.6,90.8,72.2,5.3,7.0,1,93.2,Excellent
ST0510,7.5,88.2,89.1,43.7,91.8,6.3,5.8,1,83.0,Good
ST0511,6.5,90.6,43.4,60.1,49.6,4.7,1.4,1,66.3,Average
ST0512,4.8,85.9,88.6,44.0,65.9,8.6,6.5,1,69.9,Average
ST0513,9.4,97.8,64.7,98.5,45.0,8.3,6.9,0,81.9,Good
ST0514,8.8,50.9,68.1,89.0,74.4,7.5,6.6,0,80.7,Good
ST0515,1.4,59.8,74.5,91.2,70.3,4.5,4.6,1,58.8,Needs Improvement
ST0516,1.2,50.4,91.0,96.3,62.4,7.9,2.6,1,64.9,Average
ST0517,4.4,82.4,41.1,45.1,68.7,8.0,6.9,0,61.2,Average
ST0518,8.3,94.9,66.2,63.1,89.3,7.8,6.1,0,85.2,Excellent
ST0519,9.9,62.2,77.8,44.3,50.8,4.6,7.9,1,80.6,Good
ST0520,2.4,96.4,79.7,52.6,41.2,7.2,2.1,0,71.5,Good
ST0521,6.3,53.0,78.1,53.8,87.4,8.2,2.6,0,74.2,Good
ST0522,4.4,96.7,47.4,68.1,71.7,6.9,2.5,0,72.8,Good
ST0523,9.7,67.6,56.5,56.1,89.0,7.2,6.5,1,84.4,Good
ST0524,8.6,55.1,59.7,46.1,72.8,6.3,2.3,1,72.5,Good
ST0525,8.5,74.3,84.2,50.0,84.6,6.6,1.5,0,81.8,Good
ST0526,5.2,62.8,55.3,48.8,63.6,4.2,8.0,1,60.3,Average
ST0527,4.7,64.2,51.6,98.4,81.2,7.2,1.2,1,74.7,Good
ST0528,3.5,65.4,92.7,85.6,90.2,4.4,6.8,0,74.6,Good
ST0529,1.5,90.2,40.5,98.1,71.5,6.2,3.6,1,66.9,Average
ST0530,8.8,77.0,94.9,66.4,49.9,5.5,6.9,0,79.7,Good
ST0531,8.3,65.6,77.2,56.7,54.8,6.7,4.9,0,72.2,Good
ST0532,10.0,80.5,85.6,87.9,50.9,4.7,7.3,0,86.3,Excellent
ST0533,10.0,85.8,56.2,59.6,53.6,7.5,7.5,0,79.2,Good
ST0534,6.0,63.6,40.8,58.0,56.9,8.0,1.1,0,60.3,Average
ST0535,7.9,70.7,80.6,54.0,70.5,4.8,1.5,1,83.7,Good
ST0536,9.5,56.1,85.9,47.8,72.3,4.5,2.8,1,76.5,Good
ST0537,8.6,59.1,80.7,55.4,63.5,4.7,5.7,1,75.3,Good
ST0538,3.2,84.1,47.9,61.3,73.8,8.4,7.2,0,63.1,Average
ST0539,5.1,59.1,81.4,80.4,44.5,6.6,4.2,0,67.1,Average
ST0540,2.2,76.3,82.3,43.8,44.8,6.3,5.2,0,57.5,Needs Improvement
ST0541,9.6,85.5,76.2,52.6,49.5,4.5,2.3,0,86.0,Excellent
ST0542,6.5,55.3,82.1,88.5,68.5,7.2,6.6,0,74.7,Good
ST0543,3.1,78.4,86.5,48.8,51.8,8.3,7.8,1,74.2,Good
ST0544,7.0,62.8,73.7,60.6,55.6,8.1,2.9,1,76.7,Good
ST0545,6.6,98.1,44.9,91.9,62.0,7.1,4.5,0,77.2,Good
ST0546,4.2,74.2,66.8,49.3,84.7,4.4,1.6,0,70.6,Good
ST0547,2.0,90.3,44.3,45.0,40.8,4.6,4.9,1,59.4,Needs Improvement
ST0548,7.0,77.5,62.4,69.1,75.7,4.2,4.5,0,72.4,Good
ST0549,5.7,52.2,62.4,58.1,76.8,5.3,2.0,1,65.7,Average
ST0550,8.0,81.7,43.6,73.8,83.9,4.7,4.1,1,75.9,Good
ST0551,5.7,97.6,59.2,88.2,91.3,5.3,3.3,1,84.2,Good
ST0552,8.7,80.1,46.1,48.2,41.1,5.9,4.7,0,61.9,Average
ST0553,6.0,91.0,84.5,74.8,48.5,8.7,5.1,1,81.1,Good
ST0554,6.0,94.2,92.1,70.3,88.7,7.1,1.1,0,95.5,Excellent
ST0555,8.9,61.4,44.0,48.6,65.2,8.2,6.3,1,71.2,Good
ST0556,4.6,60.6,92.5,77.4,71.1,7.6,6.0,0,74.8,Good
ST0557,2.2,80.5,68.7,56.4,76.5,4.6,3.6,0,62.6,Average
ST0558,1.3,70.6,56.5,69.3,77.3,7.7,1.4,0,65.4,Average
ST0559,7.8,92.0,44.2,44.9,91.2,5.4,6.3,0,72.6,Good
ST0560,6.6,95.0,67.5,67.6,94.8,7.2,7.7,1,90.4,Excellent
ST0561,7.3,67.7,83.7,58.4,79.6,5.7,2.7,1,88.0,Excellent
ST0562,2.9,61.8,78.9,89.3,55.8,9.0,3.3,1,71.8,Good
ST0563,2.2,89.0,42.8,43.4,88.4,5.3,2.3,0,61.3,Average
ST0564,1.1,63.7,44.0,65.1,42.7,5.4,5.0,1,51.3,Needs Improvement
ST0565,4.2,91.1,62.2,67.5,52.7,8.7,2.1,0,74.0,Good
ST0566,6.3,71.2,56.2,83.5,89.4,4.1,3.5,1,75.1,Good
ST0567,4.5,83.4,52.8,74.5,54.1,7.5,5.9,1,66.2,Average
ST0568,4.9,54.8,55.5,80.0,52.1,7.6,4.9,0,59.3,Needs Improvement
ST0569,9.1,81.2,84.2,86.6,47.6,8.2,3.7,1,90.1,Excellent
ST0570,4.1,72.6,91.1,91.7,87.3,8.9,3.9,0,86.0,Excellent
ST0571,5.6,79.3,62.3,58.8,67.5,8.9,4.9,0,68.4,Average
ST0572,8.1,58.4,89.8,72.3,77.1,4.3,1.0,0,82.1,Good
ST0573,4.6,86.8,57.7,90.4,53.1,8.1,1.5,0,69.1,Average
ST0574,6.6,93.1,66.2,99.4,81.7,7.2,7.2,1,83.9,Good
ST0575,8.8,60.8,52.4,93.4,81.8,7.2,1.5,0,84.2,Good
ST0576,9.5,54.8,75.2,62.3,57.2,4.6,5.9,0,72.9,Good
ST0577,2.3,51.2,93.8,51.7,62.6,7.3,7.4,1,62.5,Average
ST0578,9.3,82.1,73.2,69.4,51.5,8.9,2.9,1,81.1,Good
ST0579,5.4,80.4,59.7,84.5,93.7,8.6,3.6,1,83.1,Good
ST0580,3.3,77.3,75.6,69.6,75.5,6.2,5.0,1,72.1,Good
ST0581,5.1,61.6,46.8,69.0,91.4,4.2,7.2,1,64.6,Average
ST0582,9.8,69.5,88.9,90.3,56.7,5.8,7.6,0,85.8,Excellent
ST0583,5.4,79.7,67.7,61.7,83.0,8.1,6.2,0,76.3,Good
ST0584,4.0,74.8,64.7,91.6,82.1,7.5,1.6,0,74.0,Good
ST0585,6.7,99.4,72.2,64.4,78.0,6.3,5.7,0,77.7,Good
ST0586,3.2,56.8,74.4,59.7,93.1,4.3,3.9,1,73.8,Good
ST0587,1.7,84.8,43.9,67.2,61.6,6.1,4.3,0,55.4,Needs Improvement
ST0588,2.2,70.2,77.5,85.7,47.2,6.3,1.3,1,66.7,Average
ST0589,2.2,71.4,53.3,47.6,76.9,8.6,2.3,0,64.3,Average
ST0590,2.4,85.9,79.3,51.8,80.1,7.2,6.5,0,79.8,Good
ST0591,2.2,84.6,85.2,97.1,71.6,5.6,4.2,0,71.4,Good
ST0592,6.8,99.6,84.2,50.5,51.4,6.6,3.1,1,82.3,Good
ST0593,2.6,56.4,70.4,74.1,67.7,4.3,3.7,1,61.1,Average
ST0594,4.1,55.2,68.6,74.8,57.2,8.9,7.0,1,64.6,Average
ST0595,9.1,86.2,47.9,69.4,63.5,5.8,6.2,0,74.4,Good
ST0596,5.3,78.9,82.6,78.7,75.5,6.4,2.9,1,78.3,Good
ST0597,7.0,63.7,54.9,53.8,81.0,5.8,1.8,0,71.8,Good
ST0598,2.6,54.0,67.3,73.2,52.8,7.4,2.8,0,55.7,Needs Improvement
ST0599,2.7,54.3,55.6,62.3,62.3,7.3,7.4,1,59.9,Needs Improvement
ST0600,1.4,94.7,47.4,79.7,54.8,7.6,5.1,0,60.8,Average
ST0601,2.5,59.6,74.6,48.5,50.9,5.3,4.7,1,59.0,Needs Improvement
ST0602,3.5,66.2,43.0,74.3,83.1,5.6,5.2,0,61.0,Average
ST0603,2.6,61.3,81.2,51.1,90.0,4.6,3.6,1,67.0,Average
ST0604,1.8,67.7,57.5,56.7,60.4,7.3,6.6,1,57.9,Needs Improvement
ST0605,2.1,53.5,40.0,53.1,81.3,4.2,4.7,0,47.7,Needs Improvement
ST0606,5.1,76.0,68.1,51.0,89.3,7.0,1.8,1,75.7,Good
ST0607,2.9,53.4,42.6,89.5,86.5,8.3,1.9,0,62.3,Average
ST0608,4.3,90.0,55.2,57.1,50.1,8.5,4.8,1,64.3,Average
ST0609,5.5,61.7,78.9,95.6,92.6,6.2,7.6,0,73.6,Good
ST0610,7.2,77.0,43.4,98.2,60.7,6.3,3.2,0,78.6,Good
ST0611,1.4,94.0,86.2,74.3,58.7,4.4,7.1,0,64.5,Average
ST0612,8.2,82.5,40.2,48.6,43.4,7.4,6.3,0,69.2,Average
ST0613,6.7,76.6,53.6,62.5,66.7,8.1,2.7,1,77.9,Good
ST0614,1.7,66.2,80.7,87.9,46.0,5.2,1.3,0,59.8,Needs Improvement
ST0615,8.9,66.7,57.4,62.0,53.7,6.1,1.7,0,70.6,Good
ST0616,9.3,83.5,45.6,45.2,57.4,8.2,6.1,0,80.8,Good
ST0617,1.5,99.7,59.8,73.4,84.5,8.4,2.4,0,77.4,Good
ST0618,3.5,83.1,54.9,90.7,88.2,5.2,3.6,1,74.1,Good
ST0619,8.3,77.9,86.3,87.8,56.6,6.8,4.5,1,87.7,Excellent
ST0620,7.7,86.5,57.2,50.5,87.2,5.0,6.1,0,75.0,Good
ST0621,2.7,73.3,83.4,80.4,87.1,4.5,1.8,1,77.1,Good
ST0622,2.9,53.0,89.1,53.2,82.1,8.6,3.8,1,68.7,Average
ST0623,4.3,78.1,63.9,53.1,48.1,8.1,4.4,0,58.2,Needs Improvement
ST0624,5.4,97.9,90.0,92.4,78.0,7.8,4.8,1,86.3,Excellent
ST0625,6.6,58.8,60.8,55.0,92.0,4.2,6.7,0,70.1,Good
ST0626,4.3,84.5,93.0,55.8,77.5,8.2,2.2,1,78.4,Good
ST0627,5.2,60.0,44.9,40.0,58.2,6.2,6.7,1,56.7,Needs Improvement
ST0628,7.7,76.8,77.8,92.2,67.5,5.7,5.9,0,79.9,Good
ST0629,1.3,54.8,67.2,87.6,75.5,6.7,4.9,1,61.4,Average
ST0630,3.3,72.5,61.3,77.6,68.1,4.5,5.9,1,68.0,Average
ST0631,7.4,87.8,74.8,85.0,46.6,7.8,3.9,0,81.9,Good
ST0632,9.1,67.4,78.7,49.1,57.2,6.9,2.0,1,80.6,Good
ST0633,5.6,83.2,40.2,67.5,84.1,4.9,5.7,0,71.4,Good
ST0634,5.8,89.8,49.2,61.1,87.4,4.9,4.7,1,75.9,Good
ST0635,2.0,96.4,79.2,45.6,47.6,4.9,5.5,1,67.4,Average
ST0636,5.0,61.7,76.7,69.2,92.4,4.3,3.4,0,73.3,Good
ST0637,5.8,70.0,93.1,95.2,58.1,6.9,7.3,0,78.3,Good
ST0638,3.2,57.6,81.9,42.4,76.4,8.2,5.1,1,63.2,Average
ST0639,3.4,99.6,92.3,57.5,81.4,4.1,1.6,0,77.6,Good
ST0640,4.4,96.4,78.6,52.5,84.7,4.2,4.1,0,78.9,Good
ST0641,1.2,77.0,56.4,54.3,92.0,6.9,6.3,0,65.2,Average
ST0642,3.9,92.1,45.8,94.5,57.2,8.1,6.6,0,71.3,Good
ST0643,2.9,76.0,83.0,68.1,87.2,5.6,4.5,0,67.8,Average
ST0644,3.9,81.2,75.4,68.0,47.2,5.7,7.3,0,68.8,Average
ST0645,2.1,54.5,42.7,85.6,78.8,7.0,2.9,0,54.0,Needs Improvement
ST0646,9.0,87.8,59.8,49.3,80.8,5.4,3.9,1,85.1,Excellent
ST0647,6.3,56.4,92.6,69.2,77.3,4.1,7.3,0,74.7,Good
ST0648,7.1,91.3,67.5,65.8,53.9,7.7,7.3,0,78.2,Good
ST0649,8.1,89.1,63.8,75.8,88.0,7.1,5.8,0,81.8,Good
ST0650,5.5,85.4,65.2,100.0,49.3,6.9,7.0,1,79.0,Good
ST0651,1.8,51.8,51.5,86.2,42.9,7.7,1.6,0,50.2,Needs Improvement
ST0652,5.8,65.2,60.3,63.9,79.5,7.4,7.1,0,68.5,Average
ST0653,6.3,63.2,60.3,89.7,66.2,5.0,3.2,0,69.5,Average
ST0654,7.7,68.0,42.9,50.2,86.7,5.8,2.2,1,68.2,Average
ST0655,4.9,54.4,82.2,41.8,61.1,4.6,2.7,1,66.3,Average
ST0656,2.1,96.8,62.9,52.3,49.3,4.6,3.9,1,66.8,Average
ST0657,3.6,77.7,85.2,60.4,86.0,7.4,2.8,1,86.0,Excellent
ST0658,4.3,65.3,86.8,70.6,70.2,8.3,3.2,1,76.9,Good
ST0659,6.8,69.8,51.7,76.9,50.4,8.8,1.9,0,75.0,Good
ST0660,6.1,72.4,76.2,94.6,79.6,7.1,3.1,1,85.3,Excellent
ST0661,4.2,80.0,66.0,70.6,68.1,4.9,5.0,0,70.2,Good
ST0662,9.9,75.8,88.4,70.1,73.2,4.5,4.1,1,89.2,Excellent
ST0663,6.5,96.0,51.9,43.0,65.3,8.1,3.4,1,74.6,Good
ST0664,3.1,74.8,77.3,42.1,85.6,6.9,6.2,0,69.6,Average
ST0665,1.9,99.6,73.4,73.1,85.6,7.1,7.3,0,71.5,Good
ST0666,2.4,92.6,56.2,66.3,79.0,7.9,6.3,0,67.2,Average
ST0667,3.2,60.4,47.5,90.4,45.8,7.5,3.3,1,60.4,Average
ST0668,2.4,96.5,75.8,49.6,86.1,8.2,6.2,1,76.5,Good
ST0669,2.7,55.8,80.6,41.5,76.9,4.3,2.1,1,60.3,Average
ST0670,3.6,90.9,57.4,66.9,78.3,7.7,1.9,0,72.2,Good
ST0671,2.6,69.0,75.5,54.2,60.0,8.3,3.4,1,71.3,Good
ST0672,9.1,93.9,61.7,43.0,88.4,5.4,6.7,1,87.0,Excellent
ST0673,1.7,93.4,79.2,83.5,79.9,7.2,2.7,1,81.2,Good
ST0674,5.7,90.3,51.0,46.7,46.2,5.6,1.4,0,65.2,Average
ST0675,4.7,89.5,89.0,76.5,62.4,8.8,1.9,0,82.9,Good
ST0676,9.8,65.2,55.8,56.9,88.8,4.2,7.0,1,82.2,Good
ST0677,2.0,54.0,60.2,50.4,42.6,6.9,5.4,1,55.9,Needs Improvement
ST0678,4.6,70.1,43.2,62.8,92.9,4.8,2.8,1,62.4,Average
ST0679,9.7,58.7,46.1,88.1,77.4,7.6,4.9,0,75.9,Good
ST0680,8.8,84.7,68.4,63.5,74.7,4.9,4.7,0,86.0,Excellent
ST0681,8.4,67.3,54.7,85.0,54.9,5.2,5.6,1,73.8,Good
ST0682,3.3,98.8,86.0,47.5,53.7,6.5,2.6,0,69.3,Average
ST0683,2.5,82.0,40.8,86.4,91.8,8.6,7.1,1,65.3,Average
ST0684,7.0,91.1,60.9,54.2,56.4,5.1,3.2,0,71.2,Good
ST0685,9.4,56.6,58.6,80.6,82.7,4.7,5.9,0,74.6,Good
ST0686,6.0,93.1,41.1,73.9,61.6,7.8,1.1,1,80.8,Good
ST0687,6.1,96.1,46.8,95.7,47.7,6.5,3.6,1,75.0,Good
ST0688,3.5,74.4,62.8,63.2,40.6,8.6,3.5,0,61.9,Average
ST0689,7.9,80.3,67.1,44.0,69.9,4.7,4.8,0,76.4,Good
ST0690,2.7,88.2,62.2,41.1,93.7,7.2,1.5,1,74.2,Good
ST0691,3.9,58.7,69.2,89.6,60.3,5.2,6.5,0,68.0,Average
ST0692,4.8,75.1,72.7,71.5,59.6,4.8,2.5,1,75.2,Good
ST0693,5.6,69.9,40.5,86.5,58.9,7.4,5.7,0,64.0,Average
ST0694,3.2,57.3,65.5,54.1,68.6,7.0,6.6,1,60.5,Average
ST0695,2.0,68.4,93.0,60.7,64.2,7.8,4.9,1,71.5,Good
ST0696,6.5,53.4,68.5,41.8,88.4,5.5,6.2,1,69.3,Average
ST0697,3.6,51.3,77.3,97.7,67.8,6.2,5.6,0,68.9,Average
ST0698,6.2,56.8,57.2,80.1,67.9,6.0,3.5,1,72.6,Good
ST0699,2.4,98.2,82.6,96.0,47.6,8.9,6.7,0,76.3,Good
ST0700,5.3,77.5,82.5,55.9,94.1,5.5,3.1,0,74.2,Good
ST0701,5.8,98.3,68.7,76.7,53.7,5.5,5.0,1,79.1,Good
ST0702,1.5,71.6,93.7,80.7,44.0,5.8,6.2,1,64.6,Average
ST0703,4.0,65.6,46.9,59.1,76.5,6.8,3.7,1,66.3,Average
ST0704,2.2,75.3,40.9,90.9,72.7,5.3,3.1,0,64.0,Average
ST0705,1.6,72.0,82.4,96.8,62.8,8.6,4.2,0,75.6,Good
ST0706,9.9,55.3,84.4,93.1,63.2,5.3,6.7,0,88.5,Excellent
ST0707,3.9,82.0,46.6,84.3,83.2,8.5,7.5,1,75.7,Good
ST0708,8.3,60.8,54.6,56.6,50.8,4.5,4.8,1,72.2,Good
ST0709,3.3,81.0,41.0,56.9,85.1,7.3,5.6,0,64.1,Average
ST0710,7.1,82.5,56.1,97.8,75.7,8.5,7.3,1,82.9,Good
ST0711,7.8,57.6,82.5,40.6,63.0,4.8,1.7,0,76.1,Good
ST0712,6.4,53.1,68.5,83.0,65.2,8.8,2.6,0,77.1,Good
ST0713,5.2,89.0,59.1,82.4,54.1,6.3,6.0,0,70.0,Average
ST0714,4.7,73.0,60.4,77.4,81.4,8.7,6.8,0,74.2,Good
ST0715,4.1,52.9,40.1,99.4,68.2,7.4,7.0,0,61.8,Average
ST0716,9.4,99.7,56.5,58.7,57.6,5.5,3.9,1,79.2,Good
ST0717,8.5,52.9,75.6,60.4,72.8,4.9,1.6,0,81.3,Good
ST0718,9.7,84.8,93.6,44.7,94.8,5.5,4.1,1,94.3,Excellent
ST0719,2.1,99.2,86.6,66.6,63.9,4.5,2.6,0,78.0,Good
ST0720,7.6,62.0,41.3,55.7,90.6,4.7,3.0,1,67.0,Average
ST0721,9.4,57.1,89.4,60.6,59.0,4.5,6.4,1,78.5,Good
ST0722,2.6,56.1,83.1,90.1,43.0,6.1,1.5,1,66.4,Average
ST0723,1.6,65.2,82.9,96.1,51.2,8.0,6.8,0,68.8,Average
ST0724,7.7,55.1,65.2,51.1,63.0,4.7,4.0,1,71.2,Good
ST0725,6.2,84.6,61.9,62.4,52.1,4.7,5.2,1,71.2,Good
ST0726,8.6,53.1,56.7,95.7,40.0,7.2,1.6,0,70.2,Good
ST0727,2.3,75.5,43.6,43.7,90.3,5.0,3.4,0,55.1,Needs Improvement
ST0728,8.2,99.8,52.6,45.5,86.4,4.5,1.6,0,81.4,Good
ST0729,2.8,90.7,53.6,49.8,80.8,4.8,7.7,1,59.6,Needs Improvement
ST0730,2.5,80.8,66.6,75.7,49.2,8.6,6.7,0,62.2,Average
ST0731,2.5,65.3,81.1,49.0,46.6,8.1,4.2,0,62.1,Average
ST0732,8.3,81.2,66.1,98.1,43.7,5.8,2.6,0,77.4,Good
ST0733,7.0,76.4,43.2,66.8,79.8,7.3,7.5,0,76.4,Good
ST0734,5.7,71.3,92.7,70.1,91.1,6.7,3.4,1,89.2,Excellent
ST0735,4.2,56.5,91.8,54.8,63.7,7.4,2.1,0,65.9,Average
ST0736,8.9,94.3,83.2,68.3,46.6,7.4,4.9,1,83.6,Good
ST0737,4.5,72.5,94.5,79.7,68.2,7.1,7.6,1,71.6,Good
ST0738,8.3,59.7,69.9,85.1,59.2,5.3,1.0,0,76.3,Good
ST0739,5.0,68.4,93.0,85.2,60.6,4.2,2.7,1,80.0,Good
ST0740,4.4,70.7,44.2,74.7,74.2,6.3,7.6,0,62.2,Average
ST0741,5.2,91.4,60.1,94.3,79.5,8.5,2.2,1,84.8,Good
ST0742,3.7,86.7,52.4,89.0,46.1,6.8,1.8,0,62.3,Average
ST0743,7.7,88.5,50.8,85.4,42.0,8.2,5.0,1,78.8,Good
ST0744,5.5,50.6,47.7,43.3,94.7,9.0,7.0,0,63.3,Average
ST0745,3.1,70.8,74.2,40.4,52.8,4.8,4.3,0,58.8,Needs Improvement
ST0746,9.1,74.1,83.0,52.7,43.0,7.5,8.0,1,78.0,Good
ST0747,4.5,51.0,71.8,79.8,50.4,7.4,5.8,0,60.5,Average
ST0748,5.9,63.0,48.1,64.7,42.1,8.9,1.5,1,61.9,Average
ST0749,9.2,88.0,84.6,64.1,61.5,8.9,7.9,0,89.7,Excellent
ST0750,6.6,56.9,75.0,93.1,84.1,7.4,3.9,1,84.2,Good
ST0751,2.1,76.8,61.3,93.7,58.8,5.2,3.0,0,67.5,Average
ST0752,9.5,60.8,77.1,94.6,64.4,8.0,4.9,1,88.6,Excellent
ST0753,6.6,50.6,54.3,58.8,77.2,4.5,3.1,0,67.1,Average
ST0754,4.0,62.1,59.0,81.5,68.0,7.9,1.6,0,63.4,Average
ST0755,2.3,98.8,90.5,56.3,87.4,8.6,1.0,0,79.5,Good
ST0756,8.1,90.1,56.0,51.4,87.6,5.9,4.1,1,81.7,Good
ST0757,6.6,98.0,65.8,51.1,40.5,7.2,6.9,0,76.4,Good
ST0758,5.8,74.4,89.0,60.5,82.8,6.2,5.0,1,83.2,Good
ST0759,9.0,55.5,78.9,65.8,65.3,6.2,8.0,1,83.4,Good
ST0760,8.1,77.4,43.4,89.9,94.4,5.6,3.0,0,83.7,Good
ST0761,2.4,72.7,48.1,47.2,66.6,7.8,3.0,1,57.0,Needs Improvement
ST0762,3.8,92.2,40.4,84.1,94.3,8.7,2.1,0,75.8,Good
ST0763,3.2,54.9,74.7,71.9,81.5,8.7,2.1,0,71.4,Good
ST0764,7.7,74.4,64.6,57.3,53.7,4.9,3.0,1,70.7,Good
ST0765,1.3,57.5,47.4,69.6,69.6,8.4,6.5,1,54.7,Needs Improvement
ST0766,6.1,66.2,92.7,58.0,94.6,7.7,7.3,1,82.7,Good
ST0767,7.9,86.9,69.1,75.8,87.2,5.3,7.8,0,88.2,Excellent
ST0768,8.9,73.8,53.3,66.0,45.4,4.3,2.6,0,65.2,Average
ST0769,4.1,68.8,67.5,49.9,78.9,5.3,7.2,0,68.4,Average
ST0770,8.4,69.7,77.4,47.0,59.0,8.6,3.3,1,77.0,Good
ST0771,2.0,73.0,44.2,72.8,40.4,7.2,1.8,0,50.4,Needs Improvement
ST0772,8.6,89.3,55.1,94.1,62.2,7.6,7.1,1,87.3,Excellent
ST0773,2.1,94.6,84.4,60.6,52.9,5.3,5.5,0,68.8,Average
ST0774,4.6,97.8,65.3,84.0,85.0,7.6,2.2,0,85.7,Excellent
ST0775,8.2,89.3,70.1,79.5,58.6,4.1,4.0,0,83.2,Good
ST0776,2.3,65.8,63.8,95.9,85.5,5.9,3.0,0,75.8,Good
ST0777,3.1,84.4,42.4,89.3,40.0,7.1,6.2,0,60.8,Average
ST0778,7.5,71.9,49.1,74.0,56.9,4.7,4.2,1,70.6,Good
ST0779,7.5,62.7,64.5,79.4,53.3,8.1,7.9,1,75.0,Good
ST0780,6.8,92.0,51.5,93.9,52.8,5.2,1.4,0,80.0,Good
ST0781,7.2,51.9,42.7,64.0,43.8,7.3,3.5,0,59.3,Needs Improvement
ST0782,5.9,95.1,86.4,59.6,50.3,6.0,4.4,0,75.0,Good
ST0783,3.3,73.1,94.0,40.6,70.6,7.0,4.5,1,70.4,Good
ST0784,4.1,81.9,83.6,89.6,56.0,4.5,3.2,0,67.9,Average
ST0785,2.6,83.0,87.0,88.1,63.0,4.1,6.1,1,72.8,Good
ST0786,9.2,94.8,53.3,46.3,60.7,8.5,7.1,0,71.9,Good
ST0787,6.3,81.8,92.8,74.6,88.2,5.3,7.6,0,84.7,Good
ST0788,4.6,80.7,50.8,67.8,89.8,8.1,6.6,1,75.8,Good
ST0789,5.2,53.3,92.3,47.1,67.1,9.0,7.0,0,69.4,Average
ST0790,9.5,75.9,94.7,98.8,58.2,5.1,4.9,1,97.3,Excellent
ST0791,2.4,57.5,79.1,52.9,45.9,5.3,6.8,0,50.8,Needs Improvement
ST0792,6.3,86.9,94.0,44.0,92.4,7.3,3.1,0,89.5,Excellent
ST0793,5.6,75.6,71.3,75.7,43.3,8.8,3.8,0,74.0,Good
ST0794,6.5,84.0,54.3,84.3,56.4,8.6,3.2,1,72.2,Good
ST0795,1.2,52.1,64.0,41.9,56.4,6.5,4.3,1,59.6,Needs Improvement
ST0796,8.8,54.2,72.6,79.5,57.6,8.0,3.0,0,79.3,Good
ST0797,9.4,85.8,44.0,71.9,49.0,4.7,7.7,1,71.0,Good
ST0798,6.1,53.6,74.2,46.2,83.1,8.9,3.2,0,69.3,Average
ST0799,7.3,53.6,94.0,50.4,46.7,8.8,1.7,0,74.8,Good
ST0800,9.3,50.6,50.5,74.1,74.9,4.8,4.7,0,73.2,Good
ST0801,7.4,97.8,83.6,57.8,46.8,5.5,1.4,0,80.9,Good
ST0802,2.4,86.9,89.9,96.3,43.9,4.5,1.8,0,70.8,Good
ST0803,6.2,67.7,91.9,89.1,90.0,5.4,2.5,1,89.8,Excellent
ST0804,6.5,64.8,92.8,99.0,50.5,8.1,4.3,0,80.4,Good
ST0805,4.8,67.5,68.7,55.6,85.2,5.9,4.0,0,65.0,Average
ST0806,7.6,88.7,93.8,98.2,70.0,4.4,6.6,0,88.8,Excellent
ST0807,9.4,83.1,81.7,65.9,44.3,5.7,6.2,1,75.2,Good
ST0808,9.3,59.3,48.9,60.9,92.5,8.9,4.0,1,82.7,Good
ST0809,5.1,58.7,66.2,43.0,53.6,7.1,3.3,0,59.2,Needs Improvement
ST0810,2.0,54.9,79.5,43.2,87.3,6.1,3.2,0,63.6,Average
ST0811,9.9,83.0,53.6,81.5,49.3,4.8,6.4,0,81.3,Good
ST0812,8.6,88.2,75.2,67.5,87.0,8.9,1.4,0,89.0,Excellent
ST0813,2.1,63.3,76.7,53.6,40.7,8.1,1.1,0,62.4,Average
ST0814,9.3,51.0,48.9,76.8,68.1,5.4,6.6,0,70.6,Good
ST0815,8.8,54.1,71.1,55.2,82.3,4.4,4.3,0,82.0,Good
ST0816,5.7,98.4,82.4,74.7,91.4,4.3,1.9,0,85.3,Excellent
ST0817,6.3,64.8,67.4,61.6,90.0,4.6,2.6,0,72.7,Good
ST0818,4.6,88.5,40.7,89.4,85.1,6.9,7.5,1,75.1,Good
ST0819,1.5,81.2,40.5,89.2,88.9,8.6,7.0,1,64.9,Average
ST0820,4.0,69.1,59.6,68.6,51.0,6.5,6.0,1,60.4,Average
ST0821,8.2,60.3,90.9,61.0,55.6,8.2,4.4,0,78.6,Good
ST0822,1.0,56.1,52.6,61.8,55.9,6.2,4.6,0,49.9,Needs Improvement
ST0823,4.0,80.8,74.9,88.3,60.7,7.5,7.8,0,76.4,Good
ST0824,4.6,88.7,52.2,59.7,61.6,7.7,7.8,1,61.5,Average
ST0825,5.8,82.2,57.7,52.5,70.0,4.9,2.5,0,70.0,Good
ST0826,9.3,76.5,86.6,45.1,48.8,5.8,6.7,1,81.4,Good
ST0827,4.1,52.1,80.1,68.0,78.0,7.2,2.4,1,73.2,Good
ST0828,4.1,98.4,45.2,68.9,49.2,4.4,2.5,0,67.7,Average
ST0829,7.6,89.9,63.6,90.5,57.1,5.8,5.7,1,81.0,Good
ST0830,5.1,64.6,41.6,53.3,67.7,6.7,3.8,0,60.4,Average
ST0831,3.0,99.0,66.4,62.9,83.8,9.0,7.5,0,75.4,Good
ST0832,5.1,80.1,76.4,88.5,80.7,6.4,1.6,0,81.8,Good
ST0833,2.3,79.1,46.5,89.4,75.5,8.1,4.6,0,64.6,Average
ST0834,2.6,87.4,55.9,63.1,48.6,6.2,7.4,1,61.4,Average
ST0835,5.5,90.6,61.9,67.5,70.1,8.0,7.3,0,72.2,Good
ST0836,4.8,82.8,90.6,58.2,44.8,7.0,2.1,0,71.5,Good
ST0837,9.2,56.4,94.6,96.0,60.8,8.4,3.6,1,89.4,Excellent
ST0838,4.3,66.9,42.5,47.1,62.7,6.1,5.3,1,62.0,Average
ST0839,6.2,96.4,81.9,96.0,42.2,7.0,2.1,0,73.0,Good
ST0840,6.7,61.2,60.4,81.0,55.1,7.2,7.8,1,71.8,Good
ST0841,1.1,68.6,61.6,71.9,92.6,6.1,7.4,1,64.0,Average
ST0842,7.0,71.6,81.5,42.0,92.4,4.7,2.2,0,74.6,Good
ST0843,2.6,72.0,90.5,68.5,59.4,4.5,1.8,0,69.3,Average
ST0844,9.6,80.6,92.3,64.5,42.4,4.1,1.6,0,85.4,Excellent
ST0845,2.3,97.2,71.7,49.7,49.9,8.4,7.4,1,66.9,Average
ST0846,4.7,62.0,59.6,79.4,61.6,5.2,2.4,1,59.9,Needs Improvement
ST0847,1.8,56.1,83.3,98.3,92.1,5.1,3.9,1,77.3,Good
ST0848,10.0,59.9,53.8,73.7,47.8,7.7,4.1,0,72.8,Good
ST0849,5.5,94.3,71.0,82.9,82.0,5.6,5.2,0,83.2,Good
ST0850,6.4,82.3,59.7,44.1,46.0,6.5,1.5,0,69.8,Average
ST0851,1.6,64.3,76.1,65.1,94.0,4.8,2.6,0,64.4,Average
ST0852,7.7,90.8,53.2,47.0,61.0,8.8,7.5,1,76.8,Good
ST0853,2.9,93.1,50.5,76.8,82.6,8.3,7.4,1,69.8,Average
ST0854,9.1,92.3,90.5,96.3,58.8,8.3,6.5,0,87.2,Excellent
ST0855,2.8,95.9,45.6,79.7,74.5,6.0,1.1,0,72.3,Good
ST0856,2.7,62.6,67.8,44.6,50.6,7.8,3.3,0,55.4,Needs Improvement
ST0857,1.3,87.8,52.1,61.3,48.0,4.7,5.4,0,51.2,Needs Improvement
ST0858,5.2,73.0,42.1,73.0,91.6,4.0,2.9,0,68.1,Average
ST0859,6.1,92.1,42.0,64.2,90.5,4.1,7.4,0,72.3,Good
ST0860,1.6,86.4,49.6,90.0,88.8,6.9,5.4,0,67.6,Average
ST0861,8.0,88.8,87.7,88.9,74.4,6.3,1.5,0,93.8,Excellent
ST0862,5.1,82.8,55.5,76.7,84.5,6.6,7.4,0,69.1,Average
ST0863,5.7,58.9,92.3,62.4,43.8,4.0,7.7,0,64.4,Average
ST0864,5.0,77.3,72.0,55.3,58.4,6.1,1.5,1,71.1,Good
ST0865,4.6,99.2,64.0,46.4,57.3,7.6,4.7,0,75.2,Good
ST0866,6.0,96.9,71.9,61.3,75.0,6.2,3.1,1,81.2,Good
ST0867,2.4,52.2,68.4,64.8,59.6,7.7,3.7,0,62.7,Average
ST0868,2.6,58.2,81.7,80.5,48.2,5.2,2.3,0,63.5,Average
ST0869,8.8,56.6,55.5,79.5,72.8,8.1,5.0,0,76.1,Good
ST0870,9.5,86.3,59.4,44.2,84.8,6.9,7.7,0,80.5,Good
ST0871,4.4,90.9,89.2,63.7,61.0,5.1,4.5,1,75.9,Good
ST0872,3.4,60.7,92.1,50.9,47.3,5.2,1.6,0,66.0,Average
ST0873,6.8,75.3,89.1,49.4,50.8,7.1,5.3,1,80.6,Good
ST0874,4.7,92.0,63.1,89.6,53.1,8.1,3.4,1,77.3,Good
ST0875,1.2,86.6,82.9,42.5,56.5,6.1,7.0,0,63.7,Average
ST0876,2.4,77.1,66.2,65.2,75.4,5.3,4.0,0,62.1,Average
ST0877,7.4,79.5,67.4,50.1,73.1,8.3,2.3,1,79.2,Good
ST0878,6.9,75.4,51.3,92.8,78.3,7.3,2.3,0,77.3,Good
ST0879,1.2,64.9,72.5,73.4,59.9,6.2,6.4,1,61.5,Average
ST0880,3.0,78.3,50.2,53.9,85.3,6.4,2.9,0,63.5,Average
ST0881,3.1,84.4,58.2,70.1,51.2,5.0,6.4,0,62.9,Average
ST0882,7.0,93.7,87.0,83.9,65.8,7.1,2.4,0,85.5,Excellent
ST0883,1.2,81.8,51.4,97.5,84.1,5.8,3.3,0,66.7,Average
ST0884,1.9,88.1,43.9,53.2,49.9,9.0,4.3,1,60.0,Average
ST0885,8.2,58.0,43.8,93.2,46.0,6.4,7.6,0,61.4,Average
ST0886,2.6,73.1,91.7,96.1,88.6,6.4,7.5,1,85.4,Excellent
ST0887,6.9,50.5,67.9,95.0,58.9,6.8,2.4,0,73.7,Good
ST0888,3.1,62.3,62.5,78.1,77.6,8.6,3.5,0,62.2,Average
ST0889,1.9,86.3,84.6,77.8,41.4,8.0,2.0,0,69.0,Average
ST0890,3.2,99.6,86.0,64.2,78.0,6.3,4.6,0,77.4,Good
ST0891,7.5,55.0,58.3,85.1,57.4,7.6,4.2,0,72.3,Good
ST0892,8.7,70.1,78.1,71.9,43.1,6.9,7.3,0,79.6,Good
ST0893,8.5,90.0,82.4,80.6,73.5,6.5,7.5,1,91.7,Excellent
ST0894,4.6,60.2,76.0,65.7,53.2,5.0,3.7,0,66.0,Average
ST0895,7.0,77.8,48.3,83.9,61.3,6.3,4.4,0,74.2,Good
ST0896,2.8,86.7,88.2,89.5,44.4,5.2,7.3,1,70.5,Good
ST0897,3.6,80.8,69.7,48.8,48.1,8.6,6.6,1,70.0,Average
ST0898,9.1,59.4,55.5,90.0,56.4,5.7,1.0,0,72.8,Good
ST0899,1.1,67.8,63.4,72.4,44.9,8.8,3.2,0,57.9,Needs Improvement
ST0900,1.8,89.2,42.1,90.7,90.1,6.7,4.0,1,69.5,Average
ST0901,2.9,77.7,47.0,65.9,40.3,7.2,2.6,1,60.8,Average
ST0902,1.2,50.3,82.1,62.7,66.6,6.7,2.4,0,58.1,Needs Improvement
ST0903,2.6,88.0,40.0,94.9,46.8,4.6,1.3,0,55.6,Needs Improvement
ST0904,6.2,51.8,62.9,55.1,56.9,5.9,5.5,1,65.3,Average
ST0905,4.8,87.3,68.7,90.7,90.9,4.5,2.8,0,81.4,Good
ST0906,9.0,60.1,43.0,69.0,48.9,7.1,1.4,1,76.5,Good
ST0907,8.4,97.9,93.5,70.8,93.1,6.2,2.6,0,93.0,Excellent
ST0908,4.1,68.4,52.4,58.5,51.3,7.9,6.6,1,64.0,Average
ST0909,3.3,66.3,56.7,74.4,80.8,5.1,7.0,0,70.8,Good
ST0910,4.4,57.4,56.7,59.5,70.1,4.8,4.4,0,60.2,Average
ST0911,6.3,65.3,52.7,42.4,88.6,6.0,3.9,1,66.6,Average
ST0912,3.4,93.8,40.1,56.3,70.5,8.6,7.8,0,61.6,Average
ST0913,6.6,99.8,80.1,40.4,69.4,7.6,2.4,0,81.4,Good
ST0914,4.7,68.4,93.2,98.7,50.8,6.1,2.5,0,79.0,Good
ST0915,6.0,72.4,52.3,97.9,49.1,6.6,3.0,0,69.0,Average
ST0916,4.9,86.1,76.5,63.7,90.4,4.4,2.2,0,83.4,Good
ST0917,3.7,94.3,80.8,83.7,58.0,8.9,3.7,1,75.8,Good
ST0918,9.5,79.7,86.7,60.7,60.5,7.3,7.4,0,79.6,Good
ST0919,7.9,69.6,63.2,80.3,81.8,5.4,5.3,0,82.8,Good
ST0920,2.3,70.6,56.7,88.3,58.6,6.9,3.9,0,55.7,Needs Improvement
ST0921,8.8,84.8,57.9,96.8,92.4,4.5,7.5,1,87.2,Excellent
ST0922,5.4,50.2,79.2,64.0,80.6,8.8,1.3,1,86.3,Excellent
ST0923,9.1,81.0,84.9,87.0,72.9,4.9,2.5,0,90.3,Excellent
ST0924,8.2,67.8,50.0,56.0,88.4,7.2,5.0,0,72.6,Good
ST0925,4.8,89.7,60.4,99.4,42.7,5.2,5.3,1,71.4,Good
ST0926,1.2,54.6,89.6,41.5,54.1,7.6,1.3,0,58.7,Needs Improvement
ST0927,3.4,79.4,84.4,76.2,65.6,7.9,3.8,1,76.4,Good
ST0928,5.9,74.0,94.2,79.6,52.5,7.4,5.5,1,82.1,Good
ST0929,6.7,82.1,81.5,81.3,80.9,7.1,5.9,1,83.0,Good
ST0930,3.3,53.2,61.6,47.2,90.6,8.5,5.5,0,68.7,Average
ST0931,2.3,79.0,72.5,96.3,63.3,4.4,3.2,1,70.8,Good
ST0932,8.5,78.1,76.4,50.9,58.8,5.7,1.7,1,82.8,Good
ST0933,9.9,78.0,44.3,77.4,92.9,5.2,4.0,1,83.3,Good
ST0934,5.7,80.2,69.9,53.4,64.5,8.9,1.9,0,78.8,Good
ST0935,2.5,83.8,79.0,58.4,66.9,5.9,7.6,0,65.2,Average
ST0936,3.5,90.2,49.2,72.8,59.3,7.7,4.3,0,66.6,Average
ST0937,1.2,63.5,82.9,65.0,90.0,7.4,3.2,0,65.6,Average
ST0938,9.2,91.3,72.1,49.6,71.3,5.1,6.4,1,80.4,Good
ST0939,2.1,74.9,92.4,50.3,81.9,5.2,4.5,0,71.1,Good
ST0940,6.2,53.9,42.3,65.1,84.6,5.4,3.2,0,64.9,Average
ST0941,3.5,52.9,54.6,85.4,58.8,6.1,6.7,0,56.4,Needs Improvement
ST0942,6.0,66.7,73.1,93.9,63.9,5.2,7.1,1,73.6,Good
ST0943,6.9,89.2,56.3,45.0,86.7,4.1,5.7,1,77.2,Good
ST0944,8.5,85.4,79.3,63.6,60.0,8.4,1.3,0,83.8,Good
ST0945,2.9,89.4,81.7,46.0,83.7,8.8,5.0,0,73.3,Good
ST0946,1.1,75.9,45.6,41.0,91.8,5.7,6.3,0,55.3,Needs Improvement
ST0947,2.2,72.0,68.3,79.7,74.3,5.7,2.0,1,63.2,Average
ST0948,9.1,57.4,68.0,76.1,80.8,4.0,2.6,1,77.8,Good
ST0949,8.9,66.4,60.3,49.8,84.3,7.4,7.2,1,79.7,Good
ST0950,6.4,71.7,91.3,54.0,86.5,8.1,1.1,0,82.2,Good
ST0951,6.4,54.4,85.5,41.4,61.7,4.7,6.3,1,72.2,Good
ST0952,7.0,61.0,78.3,90.1,42.8,4.8,4.3,0,75.9,Good
ST0953,2.6,79.9,79.3,98.5,62.1,8.0,4.1,1,77.4,Good
ST0954,9.2,86.8,65.4,48.1,77.1,7.1,1.0,0,90.0,Excellent
ST0955,4.8,99.9,90.7,53.9,64.8,4.2,6.7,1,76.9,Good
ST0956,4.4,96.7,78.2,92.1,81.2,7.1,3.5,0,85.9,Excellent
ST0957,5.7,82.1,80.1,95.6,59.6,5.5,4.8,1,78.7,Good
ST0958,1.4,71.1,87.4,65.2,74.9,5.8,5.7,1,75.0,Good
ST0959,2.5,81.8,55.1,43.0,50.3,7.8,5.9,0,62.1,Average
ST0960,7.6,89.3,84.4,42.4,81.2,8.1,7.7,0,83.3,Good
ST0961,1.7,55.9,50.7,74.4,70.0,6.0,4.7,1,58.5,Needs Improvement
ST0962,6.4,70.5,59.0,63.6,51.2,8.7,3.8,0,73.9,Good
ST0963,3.2,92.0,58.5,41.7,56.1,6.0,7.7,0,59.0,Needs Improvement
ST0964,4.5,69.2,93.8,75.0,81.2,7.9,5.5,0,77.6,Good
ST0965,3.6,78.6,87.1,40.7,66.5,6.4,3.1,1,73.6,Good
ST0966,4.2,79.4,78.6,87.2,51.9,8.5,1.9,0,75.6,Good
ST0967,7.5,59.2,80.0,58.4,93.2,8.5,6.9,0,81.8,Good
ST0968,3.7,68.1,70.9,42.4,79.3,4.4,3.5,0,62.0,Average
ST0969,6.1,66.7,92.1,75.3,92.6,8.7,5.6,0,80.4,Good
ST0970,5.3,51.3,67.3,63.9,63.5,8.1,4.3,1,69.1,Average
ST0971,7.0,51.2,60.9,98.4,66.1,8.0,2.4,1,80.3,Good
ST0972,9.4,91.6,49.0,72.7,89.4,5.0,5.2,1,85.1,Excellent
ST0973,7.6,63.7,83.2,56.5,68.9,8.0,1.4,0,84.8,Good
ST0974,2.9,75.9,80.4,82.6,78.9,8.3,3.9,1,74.8,Good
ST0975,1.3,64.9,61.1,56.3,53.9,5.4,4.8,0,49.5,Needs Improvement
ST0976,3.4,97.0,41.4,94.3,64.6,8.8,4.1,0,70.0,Average
ST0977,6.4,63.0,86.1,62.5,46.8,4.2,6.2,1,70.3,Good
ST0978,1.5,71.5,40.6,73.0,51.3,4.7,6.8,1,53.5,Needs Improvement
ST0979,5.5,93.6,78.7,43.0,40.1,6.7,6.4,1,67.9,Average
ST0980,6.4,92.1,93.4,65.6,42.2,6.9,1.3,1,86.4,Excellent
ST0981,4.0,59.3,64.1,89.9,93.8,7.2,2.4,0,80.6,Good
ST0982,7.9,90.1,52.9,88.3,53.3,4.1,4.8,0,75.8,Good
ST0983,2.0,72.9,78.8,53.5,76.5,8.8,7.5,1,71.0,Good
ST0984,1.7,74.1,84.9,53.6,86.2,4.2,6.8,0,62.3,Average
ST0985,7.6,56.7,70.1,89.0,70.3,4.7,6.9,0,78.7,Good
ST0986,5.5,54.0,93.2,95.8,48.4,4.1,3.1,1,78.1,Good
ST0987,7.2,86.4,42.8,45.7,80.0,6.8,4.0,1,76.4,Good
ST0988,4.9,74.8,67.8,67.0,73.0,8.7,4.3,0,73.6,Good
ST0989,3.2,71.8,79.5,60.2,80.2,7.3,2.1,1,64.8,Average
ST0990,8.4,86.5,87.4,92.2,82.3,8.1,1.2,1,95.8,Excellent
ST0991,8.2,88.3,49.9,45.0,93.6,4.1,7.6,1,75.1,Good
ST0992,7.3,57.9,84.0,52.7,71.5,6.7,2.7,0,74.0,Good
ST0993,3.4,80.5,70.4,85.1,58.8,6.3,2.7,0,70.9,Good
ST0994,6.3,56.8,61.8,43.1,75.7,6.5,1.6,0,67.3,Average
ST0995,4.2,87.6,47.2,69.6,43.8,4.4,7.5,0,56.4,Needs Improvement
ST0996,1.8,82.8,87.6,66.5,89.4,7.4,5.1,0,71.1,Good
ST0997,9.3,97.8,48.7,60.1,46.6,6.5,5.7,0,73.4,Good
ST0998,2.2,53.4,57.0,63.7,58.0,7.8,7.4,0,57.6,Needs Improvement
ST0999,9.6,52.9,56.0,71.8,84.9,6.4,3.4,1,79.1,Good
ST1000,5.0,64.1,87.9,49.7,72.9,4.7,5.4,0,68.9,Average
